151603718,Half-Life 2,play,406.1372327447138,0
151603713,Warframe,play,148.64865186217781,0
151603713,Counter-Strike: Global Offensive,play,375.9835232740546,0
151603738,Team Fortress 2,play,20.008673309231174,0
151603801,Dota 2,play,332.0619528598204,0
151603786,Sid Meier's Civilization V,play,428.4228820774486,0
151603728,Terraria,play,121.62781552583752,0
151603791,Terraria,play,470.56502242875837,0
151603803,Sid Meier's Civilization V,play,171.4607614306916,0
151603753,Total War: ROME II - Emperor Edition,play,208.67607370303446,0
151603719,Dota 2,play,238.35208798989783,0
151603744,Warframe,play,294.20101760150357,0
151603730,Counter-Strike: Global Offensive,play,444.86464450150794,0
151603727,Team Fortress 2,play,757.9285988952217,0
151603775,Team Fortress 2,play,269.76709333330575,0
151603779,Portal 2,purchase,1.0,0
151603779,Garry's Mod,purchase,1.0,0
151603749,Grand Theft Auto V,play,183.45485128892958,0
151603779,Portal 2,play,54.65097359210709,0
151603803,Football Manager 2015,play,253.64016219829418,0
151603789,Borderlands 2,play,427.0474638773836,0
151603781,Left 4 Dead 2,purchase,1.0,0
151603775,Warframe,play,214.02370784040227,0
151603791,Grand Theft Auto V,play,150.76188350422748,0
151603796,Borderlands 2,play,262.15540535756156,0
151603766,Counter-Strike: Global Offensive,play,326.6717153445759,0
151603779,Team Fortress 2,purchase,1.0,0
151603769,Football Manager 2015,play,378.5582298281048,0
151603802,Total War: ROME II - Emperor Edition,purchase,1.0,0
151603725,Garry's Mod,purchase,1.0,0
151603739,Dota 2,play,139.20067480104757,0
151603740,Football Manager 2015,purchase,1.0,0
151603809,Portal 2,play,103.16678425851131,0
151603797,The Elder Scrolls V: Skyrim,play,190.31998754150166,0
151603781,Total War: ROME II - Emperor Edition,purchase,1.0,0
151603772,Football Manager 2015,play,460.13688230612837,0
151603810,Team Fortress 2,play,602.0368735646064,0
151603805,Terraria,purchase,1.0,0
151603719,The Elder Scrolls V: Skyrim,play,266.2375881337374,0
151603805,Sid Meier's Civilization V,purchase,1.0,0
151603785,Team Fortress 2,play,940.7216084274634,0
151603771,Garry's Mod,play,327.6338982554741,0
151603745,Terraria,play,303.92156542857106,0
151603722,Warframe,purchase,1.0,0
151603808,Half-Life 2,purchase,1.0,0
151603783,Garry's Mod,purchase,1.0,0
151603786,Portal 2,purchase,1.0,0
151603785,Warframe,purchase,1.0,0
151603742,Team Fortress 2,play,582.2117428241879,0
151603797,Total War: ROME II - Emperor Edition,purchase,1.0,0
151603718,Football Manager 2015,play,35.51710591239011,0
151603729,Grand Theft Auto V,purchase,1.0,0
151603789,Sid Meier's Civilization V,play,182.89978187841527,0
151603764,Total War: ROME II - Emperor Edition,purchase,1.0,0
151603720,Team Fortress 2,play,327.39194475683036,0
151603760,Left 4 Dead 2,purchase,1.0,0
151603804,Total War: ROME II - Emperor Edition,purchase,1.0,0
151603770,Sid Meier's Civilization V,purchase,1.0,0
151603770,Half-Life 2,purchase,1.0,0
151603750,Half-Life 2,play,135.3193550382109,0
151603795,The Elder Scrolls V: Skyrim,purchase,1.0,0
151603764,Total War: ROME II - Emperor Edition,play,363.82956240995844,0
151603729,Half-Life 2,purchase,1.0,0
151603755,Counter-Strike: Global Offensive,play,842.5124779186258,0
151603731,Warframe,play,465.928925236309,0
151603713,Sid Meier's Civilization V,purchase,1.0,0
151603779,The Elder Scrolls V: Skyrim,play,431.4908426000888,0
151603767,The Elder Scrolls V: Skyrim,play,61.24585247298445,0
151603799,Portal 2,play,64.97459420029375,0
151603751,The Elder Scrolls V: Skyrim,play,280.81142992204843,0
151603748,Portal 2,purchase,1.0,0
151603770,Dota 2,purchase,1.0,0
151603754,Garry's Mod,play,42.65881462730128,0
151603712,Left 4 Dead 2,play,120.88323882697216,0
151603759,Garry's Mod,play,453.23764929458173,0
151603764,Portal 2,purchase,1.0,0
151603792,Team Fortress 2,purchase,1.0,0
151603792,Counter-Strike: Global Offensive,purchase,1.0,0
151603742,Warframe,purchase,1.0,0
151603729,Football Manager 2015,play,475.1706728724936,0
151603745,Counter-Strike: Global Offensive,play,355.1197944270993,0
151603782,Sid Meier's Civilization V,play,101.19483120119972,0
151603806,Counter-Strike: Global Offensive,purchase,1.0,0
151603792,Borderlands 2,play,192.30466371191292,0
151603714,Terraria,play,176.8995650666943,0
151603738,Dota 2,purchase,1.0,0
151603758,Half-Life 2,purchase,1.0,0
151603798,Dota 2,purchase,1.0,0
151603778,Sid Meier's Civilization V,play,412.2384796239319,0
151603736,Counter-Strike: Global Offensive,play,323.441374035903,0
151603765,The Elder Scrolls V: Skyrim,play,160.89182373184377,0
151603717,Counter-Strike: Global Offensive,play,69.2159341311162,0
151603731,Total War: ROME II - Emperor Edition,play,226.98187134039068,0
151603736,Terraria,purchase,1.0,0
151603744,Football Manager 2015,play,417.47266628258484,0
151603761,Terraria,purchase,1.0,0
151603772,Dota 2,purchase,1.0,0
151603770,Counter-Strike: Global Offensive,play,493.7241441931472,0
151603774,Portal 2,purchase,1.0,0
151603740,Terraria,purchase,1.0,0
151603796,Team Fortress 2,purchase,1.0,0
151603739,Dota 2,purchase,1.0,0
151603735,Terraria,play,421.6457155044911,0
151603753,Borderlands 2,purchase,1.0,0
151603769,Football Manager 2015,purchase,1.0,0
151603735,Sid Meier's Civilization V,play,63.92780619174614,0
151603778,Dota 2,play,257.18302828504414,0
151603715,Total War: ROME II - Emperor Edition,play,240.21523534885958,0
151603717,Dota 2,play,477.8188846776258,0
151603808,Portal 2,play,154.5784077060555,0
151603762,Borderlands 2,purchase,1.0,0
151603792,Total War: ROME II - Emperor Edition,play,105.1072054083286,0
151603797,Sid Meier's Civilization V,play,337.3849747281698,0
151603733,Counter-Strike: Global Offensive,play,105.1220006226307,0
151603790,Borderlands 2,purchase,1.0,0
151603811,Portal 2,purchase,1.0,0
151603787,Garry's Mod,purchase,1.0,0
151603780,Grand Theft Auto V,play,207.1188080150837,0
151603777,Garry's Mod,play,120.8953608492342,0
151603808,Garry's Mod,play,383.7084159919235,0
151603720,Grand Theft Auto V,purchase,1.0,0
151603774,Football Manager 2015,play,379.6687987441123,0
151603783,Borderlands 2,purchase,1.0,0
151603764,The Elder Scrolls V: Skyrim,play,152.55568824263605,0
151603718,Warframe,purchase,1.0,0
151603722,Total War: ROME II - Emperor Edition,purchase,1.0,0
151603797,Team Fortress 2,play,119.8952403877943,0
151603729,Counter-Strike: Global Offensive,play,442.135269375416,0
151603801,The Elder Scrolls V: Skyrim,play,64.43879133155772,0
151603733,Left 4 Dead 2,play,445.3826329939674,0
151603723,Grand Theft Auto V,purchase,1.0,0
151603785,The Elder Scrolls V: Skyrim,play,335.43427863873075,0
151603718,Half-Life 2,purchase,1.0,0
151603804,Grand Theft Auto V,play,400.1272978376729,0
151603748,Total War: ROME II - Emperor Edition,purchase,1.0,0
151603749,Counter-Strike: Global Offensive,purchase,1.0,0
151603733,Dota 2,play,164.3010531972391,0
151603799,Total War: ROME II - Emperor Edition,play,287.35284537353397,0
151603801,Terraria,purchase,1.0,0
151603782,Warframe,purchase,1.0,0
151603806,Portal 2,play,403.24782111543425,0
151603740,Half-Life 2,purchase,1.0,0
151603734,Sid Meier's Civilization V,play,394.5886614370781,0
151603720,Garry's Mod,play,199.36187695740065,0
151603756,Total War: ROME II - Emperor Edition,play,480.107748983876,0
151603748,Garry's Mod,purchase,1.0,0
151603796,Counter-Strike: Global Offensive,purchase,1.0,0
151603746,Total War: ROME II - Emperor Edition,play,485.1955871364033,0
151603758,Dota 2,play,298.74585536661874,0
151603759,Grand Theft Auto V,purchase,1.0,0
151603810,Dota 2,play,422.4229586146875,0
151603732,The Elder Scrolls V: Skyrim,play,80.4909820818889,0
151603741,Borderlands 2,purchase,1.0,0
151603787,Half-Life 2,purchase,1.0,0
151603736,Counter-Strike: Global Offensive,purchase,1.0,0
151603716,Terraria,purchase,1.0,0
151603734,Football Manager 2015,purchase,1.0,0
151603779,Half-Life 2,purchase,1.0,0
151603718,Warframe,play,111.8962006368656,0
151603717,Team Fortress 2,purchase,1.0,0
151603800,Counter-Strike: Global Offensive,purchase,1.0,0
151603745,Portal 2,purchase,1.0,0
151603753,Total War: ROME II - Emperor Edition,purchase,1.0,0
151603714,The Elder Scrolls V: Skyrim,purchase,1.0,0
151603731,Total War: ROME II - Emperor Edition,purchase,1.0,0
151603778,Portal 2,play,129.16055880922724,0
151603717,Warframe,play,48.27958129609154,0
151603791,Borderlands 2,purchase,1.0,0
151603768,Total War: ROME II - Emperor Edition,play,56.94461462520728,0
151603781,Warframe,purchase,1.0,0
151603742,Counter-Strike: Global Offensive,play,447.35926287708446,0
151603774,Half-Life 2,play,322.3774322533694,0
151603769,Half-Life 2,purchase,1.0,0
151603775,The Elder Scrolls V: Skyrim,play,138.4299688741792,0
151603740,Sid Meier's Civilization V,play,447.28643278293083,0
151603777,Garry's Mod,purchase,1.0,0
151603803,Sid Meier's Civilization V,purchase,1.0,0
151603764,Dota 2,play,237.4886620394525,0
151603713,Sid Meier's Civilization V,play,165.7966127882905,0
151603790,Football Manager 2015,play,36.11697926167275,0
151603748,Football Manager 2015,purchase,1.0,0
151603746,Left 4 Dead 2,purchase,1.0,0
151603745,Portal 2,play,102.71188215202629,0
151603749,Left 4 Dead 2,play,384.46217030117253,0
151603725,Grand Theft Auto V,play,89.86014975806155,0
151603754,The Elder Scrolls V: Skyrim,purchase,1.0,0
151603795,Team Fortress 2,play,133.71643193851585,0
151603741,Football Manager 2015,purchase,1.0,0
151603801,Total War: ROME II - Emperor Edition,purchase,1.0,0
151603721,Team Fortress 2,purchase,1.0,0
151603732,Grand Theft Auto V,play,407.4184490867734,0
151603757,Borderlands 2,play,366.3142859507431,0
151603792,Counter-Strike: Global Offensive,play,269.43936573870434,0
151603805,Sid Meier's Civilization V,play,67.5868256216284,0
151603770,Warframe,play,499.8574260036979,0
151603772,Team Fortress 2,purchase,1.0,0
151603795,Terraria,purchase,1.0,0
151603766,Half-Life 2,play,78.44865942652197,0
151603802,Half-Life 2,purchase,1.0,0
151603751,Portal 2,purchase,1.0,0
151603718,Grand Theft Auto V,play,291.1795721684754,0
151603733,Left 4 Dead 2,purchase,1.0,0
151603742,Half-Life 2,play,343.08562166088427,0
151603730,Left 4 Dead 2,purchase,1.0,0
151603786,Team Fortress 2,play,450.91768698099986,0
151603762,Sid Meier's Civilization V,play,56.33990264254389,0
151603757,Total War: ROME II - Emperor Edition,purchase,1.0,0
151603786,Garry's Mod,purchase,1.0,0
151603784,Football Manager 2015,purchase,1.0,0
151603731,Borderlands 2,purchase,1.0,0
151603757,Grand Theft Auto V,play,493.60124138425704,0
151603715,Dota 2,purchase,1.0,0
151603790,Garry's Mod,purchase,1.0,0
151603757,Counter-Strike: Global Offensive,play,270.1723796127198,0
151603740,Warframe,purchase,1.0,0
151603804,Left 4 Dead 2,play,61.790861060893775,0
151603802,Sid Meier's Civilization V,play,184.4570279830683,0
151603799,Half-Life 2,purchase,1.0,0
151603738,Counter-Strike: Global Offensive,purchase,1.0,0
151603774,Warframe,purchase,1.0,0
151603773,Terraria,purchase,1.0,0
151603783,Total War: ROME II - Emperor Edition,purchase,1.0,0
151603749,Left 4 Dead 2,purchase,1.0,0
151603745,Grand Theft Auto V,purchase,1.0,0
151603787,Terraria,purchase,1.0,0
151603747,Team Fortress 2,play,29.79829940438827,0
151603760,Grand Theft Auto V,purchase,1.0,0
151603762,Total War: ROME II - Emperor Edition,play,393.2534211500405,0
151603749,Total War: ROME II - Emperor Edition,play,120.47029085076578,0
151603803,Half-Life 2,purchase,1.0,0
151603769,Borderlands 2,purchase,1.0,0
151603754,Team Fortress 2,purchase,1.0,0
151603752,Football Manager 2015,play,433.4179139816284,0
151603793,Borderlands 2,purchase,1.0,0
151603739,Half-Life 2,purchase,1.0,0
151603715,Counter-Strike: Global Offensive,purchase,1.0,0
151603712,Warframe,purchase,1.0,0
151603740,Dota 2,purchase,1.0,0
151603717,Garry's Mod,purchase,1.0,0
151603742,Dota 2,purchase,1.0,0
151603810,Half-Life 2,purchase,1.0,0
151603736,Dota 2,play,301.7506560822651,0
151603759,Counter-Strike: Global Offensive,play,12.449772402725177,0
151603744,Left 4 Dead 2,play,262.58615547771376,0
151603797,Counter-Strike: Global Offensive,purchase,1.0,0
151603799,Team Fortress 2,purchase,1.0,0
151603796,Left 4 Dead 2,purchase,1.0,0
151603764,Football Manager 2015,purchase,1.0,0
151603779,Counter-Strike: Global Offensive,purchase,1.0,0
151603712,Team Fortress 2,play,227.3631161593743,0
151603736,Borderlands 2,purchase,1.0,0
151603771,Dota 2,play,269.4712516181605,0
151603765,Grand Theft Auto V,play,336.6886588140556,0
151603742,Grand Theft Auto V,play,440.6713664087084,0
151603740,Football Manager 2015,play,157.18523666913632,0
151603742,Dota 2,play,434.0714940922099,0
151603790,Team Fortress 2,play,724.5445578422957,0
151603770,Half-Life 2,play,449.17463453877417,0
151603768,Sid Meier's Civilization V,play,89.37568829769273,0
151603756,Grand Theft Auto V,purchase,1.0,0
151603712,Total War: ROME II - Emperor Edition,purchase,1.0,0
151603811,Dota 2,purchase,1.0,0
151603745,Football Manager 2015,purchase,1.0,0
151603757,Sid Meier's Civilization V,purchase,1.0,0
151603769,Counter-Strike: Global Offensive,purchase,1.0,0
151603732,Dota 2,purchase,1.0,0
151603746,Grand Theft Auto V,purchase,1.0,0
151603773,Borderlands 2,play,406.107598350558,0
151603737,Football Manager 2015,purchase,1.0,0
151603747,Half-Life 2,purchase,1.0,0
151603760,Garry's Mod,purchase,1.0,0
151603776,Dota 2,purchase,1.0,0
151603715,Half-Life 2,play,77.50715283313296,0
151603720,Left 4 Dead 2,play,222.92266576119115,0
151603738,Total War: ROME II - Emperor Edition,purchase,1.0,0
151603726,Dota 2,purchase,1.0,0
151603783,The Elder Scrolls V: Skyrim,play,422.9604201097058,0
151603747,Team Fortress 2,purchase,1.0,0
151603728,Team Fortress 2,purchase,1.0,0
151603727,Garry's Mod,purchase,1.0,0
151603717,Sid Meier's Civilization V,play,53.85418754773469,0
151603721,Total War: ROME II - Emperor Edition,purchase,1.0,0
151603806,Football Manager 2015,purchase,1.0,0
151603757,Sid Meier's Civilization V,play,261.75978466788496,0
151603772,Borderlands 2,purchase,1.0,0
151603805,Terraria,play,489.47098935548667,0
151603754,Half-Life 2,play,256.85604481066537,0
151603760,Grand Theft Auto V,play,486.96224396909315,0
151603747,Total War: ROME II - Emperor Edition,purchase,1.0,0
151603756,Borderlands 2,play,475.1411343522035,0
151603776,Football Manager 2015,play,174.0527705922909,0
151603742,Counter-Strike: Global Offensive,purchase,1.0,0
151603801,Left 4 Dead 2,play,404.18598161319204,0
151603776,Grand Theft Auto V,play,158.20183680941568,0
151603795,The Elder Scrolls V: Skyrim,play,301.97309231351744,0
151603786,Left 4 Dead 2,purchase,1.0,0
151603789,Team Fortress 2,play,476.0722509743739,0
151603728,Half-Life 2,play,13.379010945993766,0
151603716,Sid Meier's Civilization V,purchase,1.0,0
151603799,Left 4 Dead 2,play,243.4891325831732,0
151603755,Borderlands 2,play,474.9360320694344,0
151603770,Terraria,play,323.8467687913974,0
151603741,Half-Life 2,play,427.690312759438,0
151603769,Dota 2,play,176.8544246381139,0
151603799,Grand Theft Auto V,purchase,1.0,0
151603748,Borderlands 2,play,231.79962391595487,0
151603750,Warframe,play,445.5215783788213,0
151603743,Counter-Strike: Global Offensive,purchase,1.0,0
151603755,Terraria,purchase,1.0,0
151603750,The Elder Scrolls V: Skyrim,purchase,1.0,0
151603800,Dota 2,play,18.602310339465415,0
151603716,Team Fortress 2,play,747.1729551653311,0
151603753,Warframe,play,332.3376343493872,0
151603765,Dota 2,play,234.2214242887431,0
151603727,Borderlands 2,play,87.00737829689189,0
151603789,Total War: ROME II - Emperor Edition,play,477.1814093523041,0
151603780,Counter-Strike: Global Offensive,play,171.47074436097688,0
151603805,Warframe,purchase,1.0,0
151603747,Grand Theft Auto V,purchase,1.0,0
151603792,Garry's Mod,purchase,1.0,0
151603811,The Elder Scrolls V: Skyrim,play,237.65372186298248,0
151603766,Terraria,purchase,1.0,0
151603791,Counter-Strike: Global Offensive,play,270.29397781438377,0
151603804,Team Fortress 2,purchase,1.0,0
151603744,Dota 2,purchase,1.0,0
151603803,The Elder Scrolls V: Skyrim,play,356.88382826817906,0
151603790,Counter-Strike: Global Offensive,play,154.29478706467472,0
151603793,Warframe,purchase,1.0,0
151603755,Team Fortress 2,play,186.37630301723595,0
151603731,Team Fortress 2,purchase,1.0,0
151603791,Left 4 Dead 2,purchase,1.0,0
151603712,The Elder Scrolls V: Skyrim,purchase,1.0,0
151603796,Team Fortress 2,play,404.71606300988395,0
151603775,The Elder Scrolls V: Skyrim,purchase,1.0,0
151603743,The Elder Scrolls V: Skyrim,purchase,1.0,0
151603727,Total War: ROME II - Emperor Edition,purchase,1.0,0
151603802,Dota 2,play,472.73000949688867,0
151603802,Portal 2,play,275.18406652145796,0
151603785,Grand Theft Auto V,purchase,1.0,0
151603731,Football Manager 2015,purchase,1.0,0
151603735,Half-Life 2,purchase,1.0,0
151603801,Sid Meier's Civilization V,purchase,1.0,0
151603717,Borderlands 2,purchase,1.0,0
151603773,Borderlands 2,purchase,1.0,0
151603739,Portal 2,play,308.0446784267385,0
151603785,Half-Life 2,purchase,1.0,0
151603803,Warframe,play,414.80358046619915,0
151603764,Counter-Strike: Global Offensive,play,153.84071851754206,0
151603786,The Elder Scrolls V: Skyrim,play,52.982402790186306,0
151603719,Warframe,play,263.5261737805642,0
151603763,Team Fortress 2,play,210.0610043079203,0
151603800,Grand Theft Auto V,purchase,1.0,0
151603728,Sid Meier's Civilization V,purchase,1.0,0
151603743,Total War: ROME II - Emperor Edition,purchase,1.0,0
151603773,Dota 2,play,409.2814452352932,0
151603807,Garry's Mod,purchase,1.0,0
151603728,Portal 2,play,245.831809350644,0
151603781,Portal 2,purchase,1.0,0
151603715,Portal 2,purchase,1.0,0
151603775,Terraria,play,250.5571752584771,0
151603785,Half-Life 2,play,326.93611176318024,0
151603804,Total War: ROME II - Emperor Edition,play,488.64646023729006,0
151603722,Football Manager 2015,play,133.4295541911711,0
151603785,Team Fortress 2,purchase,1.0,0
151603749,Football Manager 2015,play,438.1700565235581,0
151603732,Warframe,purchase,1.0,0
151603796,Total War: ROME II - Emperor Edition,play,194.0289130185388,0
151603751,Grand Theft Auto V,play,385.5081772848491,0
151603731,Terraria,play,275.93805045056337,0
151603767,Terraria,purchase,1.0,0
151603723,Team Fortress 2,purchase,1.0,0
151603751,Portal 2,play,41.4925559702978,0
151603747,Terraria,play,67.17577011800418,0
151603808,Dota 2,purchase,1.0,0
151603771,Terraria,purchase,1.0,0
151603744,Half-Life 2,purchase,1.0,0
151603759,Garry's Mod,purchase,1.0,0
151603757,Football Manager 2015,purchase,1.0,0
151603718,Grand Theft Auto V,purchase,1.0,0
151603802,Grand Theft Auto V,purchase,1.0,0
151603770,Grand Theft Auto V,purchase,1.0,0
151603791,Left 4 Dead 2,play,196.55684311448468,0
151603731,Dota 2,play,318.1246110763744,0
151603776,Total War: ROME II - Emperor Edition,play,373.34473407536234,0
151603772,Terraria,play,66.67449148939794,0
151603770,The Elder Scrolls V: Skyrim,play,79.8330540958084,0
151603727,Team Fortress 2,purchase,1.0,0
151603741,Football Manager 2015,play,24.78107996115055,0
151603714,Dota 2,play,162.7482062474434,0
151603808,Half-Life 2,play,119.9626464427372,0
151603789,Grand Theft Auto V,play,395.4667134142632,0
151603752,Football Manager 2015,purchase,1.0,0
151603798,Total War: ROME II - Emperor Edition,purchase,1.0,0
151603768,Half-Life 2,purchase,1.0,0
151603805,Half-Life 2,purchase,1.0,0
151603758,Dota 2,purchase,1.0,0
151603809,Half-Life 2,purchase,1.0,0
151603769,Counter-Strike: Global Offensive,play,36.475072584101454,0
151603731,Terraria,purchase,1.0,0
151603724,Dota 2,play,118.2230253263728,0
151603768,Borderlands 2,play,260.20898277586144,0
151603716,Sid Meier's Civilization V,play,302.44214484953443,0
151603738,Football Manager 2015,purchase,1.0,0
151603778,Counter-Strike: Global Offensive,play,193.5945682226175,0
151603752,Warframe,play,256.48228340998435,0
151603807,Football Manager 2015,purchase,1.0,0
151603809,Sid Meier's Civilization V,play,423.53439562638425,0
151603805,Half-Life 2,play,398.9162227919374,0
151603770,Sid Meier's Civilization V,play,346.7525077171651,0
151603770,Left 4 Dead 2,play,117.70675814744946,0
151603749,Borderlands 2,play,337.6745650927845,0
151603757,Counter-Strike: Global Offensive,purchase,1.0,0
151603740,Portal 2,purchase,1.0,0
151603777,Warframe,purchase,1.0,0
151603776,Dota 2,play,266.360782846169,0
151603801,Half-Life 2,play,476.89878419649904,0
151603798,Borderlands 2,purchase,1.0,0
151603807,Grand Theft Auto V,play,63.892618405703274,0
151603791,Portal 2,play,93.99596104584313,0
151603718,Left 4 Dead 2,purchase,1.0,0
151603718,Team Fortress 2,purchase,1.0,0
151603805,Football Manager 2015,purchase,1.0,0
151603775,Sid Meier's Civilization V,purchase,1.0,0
151603794,Portal 2,purchase,1.0,0
151603726,The Elder Scrolls V: Skyrim,purchase,1.0,0
151603738,Counter-Strike: Global Offensive,play,148.11201786043327,0
151603715,Terraria,play,410.4819512320292,0
151603740,Half-Life 2,play,229.53527275192258,0
151603808,Grand Theft Auto V,play,393.32710559607176,0
151603780,Warframe,purchase,1.0,0
151603788,Warframe,play,488.5066303898349,0
151603780,Terraria,play,197.63492547562893,0
151603792,Sid Meier's Civilization V,purchase,1.0,0
151603733,The Elder Scrolls V: Skyrim,play,53.53997428509409,0
151603790,Dota 2,purchase,1.0,0
151603746,Grand Theft Auto V,play,428.87597881551545,0
151603799,Half-Life 2,play,241.3563745924709,0
151603804,Terraria,play,241.5972851431463,0
151603774,Terraria,play,162.07839240755004,0
151603773,Football Manager 2015,play,392.21038169057766,0
151603776,Counter-Strike: Global Offensive,purchase,1.0,0
151603794,Garry's Mod,purchase,1.0,0
151603781,Team Fortress 2,purchase,1.0,0
151603807,Borderlands 2,play,160.1136122405086,0
151603752,Garry's Mod,purchase,1.0,0
151603792,Left 4 Dead 2,purchase,1.0,0
151603727,Counter-Strike: Global Offensive,play,474.46555633257793,0
151603740,Garry's Mod,play,306.97749587263,0
151603742,Borderlands 2,play,494.8172786402436,0
151603758,Terraria,play,259.0665816010448,0
151603717,Garry's Mod,play,172.63959070632706,0
151603733,Team Fortress 2,play,88.07062035504482,0
151603739,Garry's Mod,play,238.7299815871055,0
151603794,Football Manager 2015,purchase,1.0,0
151603796,Dota 2,purchase,1.0,0
151603782,Total War: ROME II - Emperor Edition,play,432.2685015165057,0
151603719,Portal 2,purchase,1.0,0
151603738,Terraria,play,144.07179969385692,0
151603726,Sid Meier's Civilization V,purchase,1.0,0
151603736,Left 4 Dead 2,play,388.8847903948781,0
151603751,Left 4 Dead 2,play,75.7571955020853,0
151603731,Garry's Mod,play,339.4531160644431,0
151603753,Terraria,play,48.76531108878369,0
151603800,Borderlands 2,play,405.3160642574939,0
151603749,Portal 2,purchase,1.0,0
151603755,Football Manager 2015,play,254.2687882909253,0
151603760,Counter-Strike: Global Offensive,play,389.94314107357417,0
151603794,Warframe,play,461.04656972752576,0
151603794,The Elder Scrolls V: Skyrim,purchase,1.0,0
151603806,Total War: ROME II - Emperor Edition,purchase,1.0,0
151603805,Garry's Mod,play,89.88849802321549,0
151603740,Total War: ROME II - Emperor Edition,play,137.13030118710864,0
151603794,Team Fortress 2,play,260.28131205798945,0
151603775,Dota 2,purchase,1.0,0
151603784,Team Fortress 2,play,427.2049186879948,0
151603760,Garry's Mod,play,403.95712668453575,0
151603791,Grand Theft Auto V,purchase,1.0,0
151603807,Sid Meier's Civilization V,play,329.2151886387385,0
151603715,Football Manager 2015,play,385.6091952320887,0
151603780,The Elder Scrolls V: Skyrim,play,347.58436527923277,0
151603715,Half-Life 2,purchase,1.0,0
151603757,Warframe,play,24.45664537253711,0
151603731,Counter-Strike: Global Offensive,purchase,1.0,0
151603756,Borderlands 2,purchase,1.0,0
151603730,Counter-Strike: Global Offensive,purchase,1.0,0
151603767,Sid Meier's Civilization V,play,113.17395413020103,0
151603728,Sid Meier's Civilization V,play,87.89766866215732,0
151603804,Counter-Strike: Global Offensive,purchase,1.0,0
151603809,Team Fortress 2,purchase,1.0,0
151603720,Portal 2,purchase,1.0,0
151603725,Counter-Strike: Global Offensive,play,279.8333570544513,0
151603748,Borderlands 2,purchase,1.0,0
151603733,Terraria,purchase,1.0,0
151603714,Football Manager 2015,play,251.6293877143449,0
151603712,Left 4 Dead 2,purchase,1.0,0
151603793,Half-Life 2,purchase,1.0,0
151603770,Garry's Mod,play,378.6520438329382,0
151603750,Garry's Mod,play,84.69222847163633,0
151603801,Dota 2,purchase,1.0,0
151603778,Sid Meier's Civilization V,purchase,1.0,0
151603739,Warframe,play,31.02382342498035,0
151603722,Dota 2,play,175.21337512142375,0
151603756,Team Fortress 2,purchase,1.0,0
151603716,Half-Life 2,play,416.8280948338858,0
151603795,Dota 2,play,237.98125731515205,0
151603768,Team Fortress 2,purchase,1.0,0
151603754,Counter-Strike: Global Offensive,play,1.7682246003747362,0
151603768,The Elder Scrolls V: Skyrim,purchase,1.0,0
151603770,Total War: ROME II - Emperor Edition,purchase,1.0,0
151603785,Football Manager 2015,purchase,1.0,0
151603755,Grand Theft Auto V,play,459.22477370823725,0
151603811,Total War: ROME II - Emperor Edition,play,322.6500747029272,0
151603729,Terraria,purchase,1.0,0
151603777,Half-Life 2,play,425.6166841321646,0
151603786,Terraria,play,86.48857304934737,0
151603759,Portal 2,play,259.3620269208486,0
151603778,Warframe,play,433.5964969254279,0
151603767,Grand Theft Auto V,purchase,1.0,0
151603749,The Elder Scrolls V: Skyrim,purchase,1.0,0
151603767,Terraria,play,20.06870668178243,0
151603768,Counter-Strike: Global Offensive,play,349.9254093515064,0
151603784,Grand Theft Auto V,purchase,1.0,0
151603793,Total War: ROME II - Emperor Edition,purchase,1.0,0
151603804,Borderlands 2,purchase,1.0,0
151603745,Left 4 Dead 2,play,151.2425822211828,0
151603715,Counter-Strike: Global Offensive,play,449.8223481324441,0
151603740,Left 4 Dead 2,play,57.64413603341916,0
151603785,Garry's Mod,play,173.88491318286268,0
151603762,Football Manager 2015,play,286.4367872977982,0
151603734,Team Fortress 2,play,143.6177489957393,0
151603734,Dota 2,play,8.87372093075709,0
151603808,Football Manager 2015,play,391.3201026438534,0
151603724,Garry's Mod,play,378.83755377321546,0
151603729,Left 4 Dead 2,play,192.56728635118398,0
151603780,Team Fortress 2,purchase,1.0,0
151603806,Grand Theft Auto V,play,40.71901126636445,0
151603735,Warframe,purchase,1.0,0
151603780,Football Manager 2015,play,498.587859320497,0
151603763,The Elder Scrolls V: Skyrim,purchase,1.0,0
151603728,Total War: ROME II - Emperor Edition,play,166.55758494634645,0
151603767,Team Fortress 2,play,324.09512576121784,0
151603775,Half-Life 2,purchase,1.0,0
151603747,Left 4 Dead 2,purchase,1.0,0
151603767,Left 4 Dead 2,play,76.97452719203099,0
151603787,Warframe,purchase,1.0,0
151603774,Dota 2,purchase,1.0,0
151603770,Counter-Strike: Global Offensive,purchase,1.0,0
151603749,Terraria,purchase,1.0,0
151603754,Garry's Mod,purchase,1.0,0
151603806,Total War: ROME II - Emperor Edition,play,108.15488337057296,0
151603789,Left 4 Dead 2,play,131.38255046083034,0
151603772,Garry's Mod,play,54.71466180284391,0
151603713,Warframe,purchase,1.0,0
151603737,Counter-Strike: Global Offensive,play,193.16562591376498,0
151603771,Left 4 Dead 2,play,113.73939196821529,0
151603760,Football Manager 2015,purchase,1.0,0
151603746,The Elder Scrolls V: Skyrim,play,218.75887053754286,0
151603740,Grand Theft Auto V,play,418.14889184500663,0
151603777,Sid Meier's Civilization V,purchase,1.0,0
151603737,Counter-Strike: Global Offensive,purchase,1.0,0
151603749,Dota 2,play,360.96092518283825,0
151603717,Left 4 Dead 2,play,348.16150690726437,0
151603745,Half-Life 2,purchase,1.0,0
151603728,Football Manager 2015,play,169.8716286028021,0
151603741,Dota 2,play,416.6616285708123,0
151603767,Football Manager 2015,purchase,1.0,0
151603768,Garry's Mod,purchase,1.0,0
151603738,The Elder Scrolls V: Skyrim,play,230.50068103635806,0
151603798,Half-Life 2,play,10.215447982891003,0
151603747,Left 4 Dead 2,play,277.24632609110074,0
151603728,Portal 2,purchase,1.0,0
151603755,Team Fortress 2,purchase,1.0,0
151603803,Counter-Strike: Global Offensive,play,87.74513897455483,0
151603763,Half-Life 2,play,25.41633570891404,0
151603757,Garry's Mod,purchase,1.0,0
151603802,Borderlands 2,purchase,1.0,0
151603714,The Elder Scrolls V: Skyrim,play,107.27530466296199,0
151603781,Total War: ROME II - Emperor Edition,play,335.36690649323816,0
151603805,Team Fortress 2,purchase,1.0,0
151603794,Dota 2,purchase,1.0,0
151603756,Total War: ROME II - Emperor Edition,purchase,1.0,0
151603748,Counter-Strike: Global Offensive,purchase,1.0,0
151603726,Half-Life 2,play,77.71510304398815,0
151603774,Garry's Mod,purchase,1.0,0
151603713,The Elder Scrolls V: Skyrim,purchase,1.0,0
151603779,Borderlands 2,purchase,1.0,0
151603726,Borderlands 2,play,262.10976223346375,0
151603733,Garry's Mod,play,449.22073979125105,0
151603789,Borderlands 2,purchase,1.0,0
151603808,Grand Theft Auto V,purchase,1.0,0
151603721,Dota 2,purchase,1.0,0
151603766,Terraria,play,160.21617076988937,0
151603721,Dota 2,play,400.5155918459152,0
151603731,Half-Life 2,play,435.93363561345836,0
151603744,Team Fortress 2,play,263.0519368557159,0
151603772,Grand Theft Auto V,play,63.77686685862907,0
151603751,Left 4 Dead 2,purchase,1.0,0
151603769,Team Fortress 2,purchase,1.0,0
151603787,Football Manager 2015,play,183.62729706809986,0
151603749,Garry's Mod,purchase,1.0,0
151603803,Left 4 Dead 2,purchase,1.0,0
151603729,Portal 2,purchase,1.0,0
151603732,Team Fortress 2,purchase,1.0,0
151603786,Grand Theft Auto V,play,273.7740111740148,0
151603727,Counter-Strike: Global Offensive,purchase,1.0,0
151603735,Left 4 Dead 2,purchase,1.0,0
151603766,Warframe,play,42.590421671255065,0
151603722,Terraria,play,314.2780874710156,0
151603742,Football Manager 2015,play,262.00264717637134,0
151603800,Terraria,play,213.43087830466425,0
151603720,Dota 2,purchase,1.0,0
151603781,Warframe,play,288.6202729947266,0
151603805,Warframe,play,421.18394516521556,0
151603764,Sid Meier's Civilization V,play,195.56959242376692,0
151603809,The Elder Scrolls V: Skyrim,play,424.0882992529796,0
151603782,Sid Meier's Civilization V,purchase,1.0,0
151603713,Portal 2,purchase,1.0,0
151603790,Total War: ROME II - Emperor Edition,purchase,1.0,0
151603712,Borderlands 2,play,489.22855067375207,0
151603742,Sid Meier's Civilization V,play,148.19470070975726,0
151603782,Dota 2,purchase,1.0,0
151603802,Total War: ROME II - Emperor Edition,play,484.9230724477464,0
151603750,Portal 2,play,476.8552491186596,0
151603776,Football Manager 2015,purchase,1.0,0
151603764,Left 4 Dead 2,play,166.76230688611082,0
151603752,Left 4 Dead 2,purchase,1.0,0
151603783,Team Fortress 2,play,50.58715503782644,0
151603747,Half-Life 2,play,329.24026873897907,0
151603738,Terraria,purchase,1.0,0
151603800,Total War: ROME II - Emperor Edition,purchase,1.0,0
151603784,The Elder Scrolls V: Skyrim,purchase,1.0,0
151603794,Borderlands 2,purchase,1.0,0
151603735,Counter-Strike: Global Offensive,purchase,1.0,0
151603731,Sid Meier's Civilization V,play,412.30039238009226,0
151603730,Warframe,play,185.00633149396583,0
151603733,Sid Meier's Civilization V,purchase,1.0,0
151603762,Sid Meier's Civilization V,purchase,1.0,0
151603811,Counter-Strike: Global Offensive,play,394.4549582092298,0
151603742,Team Fortress 2,purchase,1.0,0
151603799,Dota 2,play,392.82191261037354,0
151603780,Total War: ROME II - Emperor Edition,play,5.586380741110927,0
151603810,Grand Theft Auto V,play,129.82798617726763,0
151603713,The Elder Scrolls V: Skyrim,play,110.4941801071449,0
151603804,Team Fortress 2,play,755.8934264246844,0
151603801,Grand Theft Auto V,purchase,1.0,0
151603809,Counter-Strike: Global Offensive,purchase,1.0,0
151603795,Half-Life 2,purchase,1.0,0
151603810,Dota 2,purchase,1.0,0
151603804,Garry's Mod,play,277.7966403972588,0
151603725,Sid Meier's Civilization V,play,168.83628159016376,0
151603732,Sid Meier's Civilization V,play,40.567846848501205,0
151603760,Total War: ROME II - Emperor Edition,play,461.03842529395894,0
151603772,The Elder Scrolls V: Skyrim,purchase,1.0,0
151603744,Warframe,purchase,1.0,0
151603755,Left 4 Dead 2,play,286.3905417929682,0
151603761,Borderlands 2,play,36.76847979159653,0
151603795,Portal 2,play,12.123110435501571,0
151603749,Borderlands 2,purchase,1.0,0
151603730,Warframe,purchase,1.0,0
151603765,Portal 2,purchase,1.0,0
151603793,Half-Life 2,play,101.25260662981192,0
151603810,Sid Meier's Civilization V,purchase,1.0,0
151603790,The Elder Scrolls V: Skyrim,purchase,1.0,0
151603733,Dota 2,purchase,1.0,0
151603783,Dota 2,play,449.85174022896643,0
151603777,Portal 2,purchase,1.0,0
151603717,Left 4 Dead 2,purchase,1.0,0
151603811,The Elder Scrolls V: Skyrim,purchase,1.0,0
151603715,Left 4 Dead 2,play,388.29805193833903,0
151603782,Warframe,play,440.88596579548096,0
151603742,The Elder Scrolls V: Skyrim,play,81.44365267122608,0
151603768,Terraria,play,341.2983443810822,0
151603727,Half-Life 2,purchase,1.0,0
151603752,Total War: ROME II - Emperor Edition,play,483.2519632507762,0
151603774,Garry's Mod,play,277.03855945226906,0
151603791,Garry's Mod,purchase,1.0,0
151603788,Portal 2,play,490.4361376469617,0
151603772,Left 4 Dead 2,play,201.15228898108617,0
151603796,Portal 2,play,290.38492507548233,0
151603758,Terraria,purchase,1.0,0
151603802,The Elder Scrolls V: Skyrim,play,472.99720216765496,0
151603795,Team Fortress 2,purchase,1.0,0
151603726,Team Fortress 2,purchase,1.0,0
151603766,Team Fortress 2,play,209.55781557732206,0
151603771,The Elder Scrolls V: Skyrim,purchase,1.0,0
151603801,Team Fortress 2,purchase,1.0,0
151603759,Borderlands 2,purchase,1.0,0
151603771,Total War: ROME II - Emperor Edition,purchase,1.0,0
151603747,Terraria,purchase,1.0,0
151603754,Sid Meier's Civilization V,play,275.01961196315705,0
151603744,Total War: ROME II - Emperor Edition,purchase,1.0,0
151603778,Terraria,purchase,1.0,0
151603759,Warframe,play,396.09179327874597,0
151603748,Football Manager 2015,play,195.2051796711731,0
151603738,Borderlands 2,purchase,1.0,0
151603811,Sid Meier's Civilization V,play,399.25440020263216,0
151603806,Garry's Mod,purchase,1.0,0
151603757,The Elder Scrolls V: Skyrim,purchase,1.0,0
151603742,Portal 2,purchase,1.0,0
151603735,Dota 2,purchase,1.0,0
151603766,Total War: ROME II - Emperor Edition,purchase,1.0,0
151603803,Counter-Strike: Global Offensive,purchase,1.0,0
151603742,Borderlands 2,purchase,1.0,0
151603769,Total War: ROME II - Emperor Edition,play,311.58437673771215,0
151603758,Garry's Mod,play,451.44923302619185,0
151603732,Left 4 Dead 2,play,77.17214001776479,0
151603800,Counter-Strike: Global Offensive,play,199.62326333783335,0
151603774,Grand Theft Auto V,play,2.2012049777488416,0
151603808,Sid Meier's Civilization V,purchase,1.0,0
151603784,Half-Life 2,purchase,1.0,0
151603793,Dota 2,purchase,1.0,0
151603808,Borderlands 2,purchase,1.0,0
151603760,Terraria,play,58.872800822429326,0
151603728,Football Manager 2015,purchase,1.0,0
151603808,Football Manager 2015,purchase,1.0,0
151603747,Grand Theft Auto V,play,388.9827188252692,0
151603740,Warframe,play,59.758390501946415,0
151603789,Dota 2,purchase,1.0,0
151603734,Sid Meier's Civilization V,purchase,1.0,0
151603736,Portal 2,purchase,1.0,0
151603782,Total War: ROME II - Emperor Edition,purchase,1.0,0
151603733,Warframe,play,398.1185277031775,0
151603714,Sid Meier's Civilization V,purchase,1.0,0
151603765,Sid Meier's Civilization V,play,287.4395658761261,0
151603779,Football Manager 2015,purchase,1.0,0
151603792,Terraria,play,99.31184327771835,0
151603777,The Elder Scrolls V: Skyrim,purchase,1.0,0
151603803,Terraria,purchase,1.0,0
151603750,The Elder Scrolls V: Skyrim,play,333.00739370645715,0
151603741,Dota 2,purchase,1.0,0
151603796,Sid Meier's Civilization V,play,97.97608238969148,0
151603763,Total War: ROME II - Emperor Edition,purchase,1.0,0
151603747,Football Manager 2015,play,169.02257788617374,0
151603738,Half-Life 2,play,397.69167908019006,0
151603800,Sid Meier's Civilization V,play,455.61835902656685,0
151603803,Total War: ROME II - Emperor Edition,purchase,1.0,0
151603756,Sid Meier's Civilization V,play,361.9196104529799,0
151603754,Left 4 Dead 2,play,58.747825724370415,0
151603743,Dota 2,play,243.83073402923952,0
151603712,Sid Meier's Civilization V,play,215.4291267264296,0
151603727,Portal 2,play,402.44088957739007,0
151603760,Portal 2,purchase,1.0,0
151603766,Warframe,purchase,1.0,0
151603752,Grand Theft Auto V,purchase,1.0,0
151603757,The Elder Scrolls V: Skyrim,play,114.20133171342339,0
151603729,Counter-Strike: Global Offensive,purchase,1.0,0
151603737,Grand Theft Auto V,play,8.929487441477253,0
151603806,Borderlands 2,purchase,1.0,0
151603742,Garry's Mod,purchase,1.0,0
151603809,Counter-Strike: Global Offensive,play,160.16746849176067,0
151603794,Borderlands 2,play,67.71637314101977,0
151603766,Grand Theft Auto V,play,74.24001693559518,0
151603754,Football Manager 2015,purchase,1.0,0
151603731,Grand Theft Auto V,purchase,1.0,0
151603747,Garry's Mod,play,305.53758758669954,0
151603800,Terraria,purchase,1.0,0
151603809,Half-Life 2,play,343.9986748743047,0
151603720,Left 4 Dead 2,purchase,1.0,0
151603755,Warframe,purchase,1.0,0
151603733,Borderlands 2,play,213.49273706460417,0
151603736,Team Fortress 2,play,416.37974955457236,0
151603779,Grand Theft Auto V,purchase,1.0,0
151603790,Counter-Strike: Global Offensive,purchase,1.0,0
151603793,Dota 2,play,369.4740056068473,0
151603781,Borderlands 2,play,51.83451892016652,0
151603771,Counter-Strike: Global Offensive,play,121.66569212773139,0
151603749,Garry's Mod,play,57.18748572701352,0
151603741,Total War: ROME II - Emperor Edition,play,378.03991598946254,0
151603732,Borderlands 2,purchase,1.0,0
151603774,Borderlands 2,purchase,1.0,0
151603811,Sid Meier's Civilization V,purchase,1.0,0
151603807,Grand Theft Auto V,purchase,1.0,0
151603741,Warframe,play,45.24884805004049,0
151603802,Team Fortress 2,play,179.81256407238055,0
151603732,Team Fortress 2,play,335.4957637532793,0
151603731,Team Fortress 2,play,329.07547765710956,0
151603762,Counter-Strike: Global Offensive,purchase,1.0,0
151603759,Portal 2,purchase,1.0,0
151603728,Borderlands 2,purchase,1.0,0
151603776,Terraria,purchase,1.0,0
151603728,Half-Life 2,purchase,1.0,0
151603716,Portal 2,purchase,1.0,0
151603766,Portal 2,play,408.96493504226913,0
151603805,Counter-Strike: Global Offensive,play,54.165260296210555,0
151603746,Team Fortress 2,play,443.53106387252103,0
151603788,Warframe,purchase,1.0,0
151603714,Warframe,play,97.1935863319207,0
151603719,Football Manager 2015,purchase,1.0,0
151603774,The Elder Scrolls V: Skyrim,play,325.30734207835684,0
151603721,Borderlands 2,play,62.630789728141096,0
151603805,The Elder Scrolls V: Skyrim,play,456.75962273877116,0
151603772,Portal 2,purchase,1.0,0
151603784,Grand Theft Auto V,play,5.73101081806657,0
151603747,Garry's Mod,purchase,1.0,0
151603759,Counter-Strike: Global Offensive,purchase,1.0,0
151603718,Counter-Strike: Global Offensive,purchase,1.0,0
151603724,Dota 2,purchase,1.0,0
151603729,Borderlands 2,play,430.71232698715653,0
151603802,Half-Life 2,play,153.3099421779698,0
151603715,Warframe,play,50.93203355758662,0
151603716,Terraria,play,327.6033108327275,0
151603776,The Elder Scrolls V: Skyrim,play,14.960857483348754,0
151603751,Dota 2,play,334.9222569653796,0
151603739,Sid Meier's Civilization V,play,10.266945185060745,0
151603719,Sid Meier's Civilization V,purchase,1.0,0
151603787,Garry's Mod,play,130.41544346158148,0
151603738,Total War: ROME II - Emperor Edition,play,77.55321370030595,0
151603754,Terraria,play,129.01325505132445,0
151603727,Football Manager 2015,purchase,1.0,0
151603725,Sid Meier's Civilization V,purchase,1.0,0
151603733,Team Fortress 2,purchase,1.0,0
151603790,Warframe,purchase,1.0,0
151603765,Left 4 Dead 2,purchase,1.0,0
151603718,Garry's Mod,purchase,1.0,0
151603717,Portal 2,purchase,1.0,0
151603792,Half-Life 2,play,215.934063742717,0
151603729,Grand Theft Auto V,play,260.39592792406734,0
151603772,Counter-Strike: Global Offensive,play,55.81130067338994,0
151603753,Dota 2,play,415.16971691283015,0
151603759,The Elder Scrolls V: Skyrim,purchase,1.0,0
151603762,Football Manager 2015,purchase,1.0,0
151603715,Grand Theft Auto V,purchase,1.0,0
151603782,Terraria,purchase,1.0,0
151603775,Counter-Strike: Global Offensive,play,381.15225908785914,0
151603724,Team Fortress 2,play,563.2283108936123,0
151603719,Borderlands 2,play,312.4566385332662,0
151603746,Warframe,play,235.88590669299444,0
151603750,Team Fortress 2,play,12.654615185413215,0
151603763,Terraria,purchase,1.0,0
151603796,Total War: ROME II - Emperor Edition,purchase,1.0,0
151603739,Counter-Strike: Global Offensive,purchase,1.0,0
151603738,The Elder Scrolls V: Skyrim,purchase,1.0,0
151603763,Counter-Strike: Global Offensive,play,92.25766751776868,0
151603779,Garry's Mod,play,115.42720353492402,0
151603789,Team Fortress 2,purchase,1.0,0
151603808,Sid Meier's Civilization V,play,358.41988021919735,0
151603777,Left 4 Dead 2,purchase,1.0,0
151603800,Garry's Mod,play,167.15388150285287,0
151603790,The Elder Scrolls V: Skyrim,play,454.0833002124503,0
151603755,Total War: ROME II - Emperor Edition,purchase,1.0,0
151603731,Counter-Strike: Global Offensive,play,40.73102456367037,0
151603755,Terraria,play,105.06075313895494,0
151603728,Grand Theft Auto V,play,298.44397446576244,0
151603715,Grand Theft Auto V,play,238.7598431671346,0
151603745,The Elder Scrolls V: Skyrim,play,37.9041631726331,0
151603753,Borderlands 2,play,243.44481447658492,0
151603772,Counter-Strike: Global Offensive,purchase,1.0,0
151603724,Football Manager 2015,purchase,1.0,0
151603739,Team Fortress 2,purchase,1.0,0
151603752,Left 4 Dead 2,play,371.2711239991867,0
151603724,Half-Life 2,play,182.20905924995918,0
151603767,Garry's Mod,play,87.88298945621837,0
151603755,Left 4 Dead 2,purchase,1.0,0
151603769,Grand Theft Auto V,purchase,1.0,0
151603767,Half-Life 2,purchase,1.0,0
151603735,Terraria,purchase,1.0,0
151603760,Portal 2,play,141.26798730887558,0
151603742,The Elder Scrolls V: Skyrim,purchase,1.0,0
151603774,Total War: ROME II - Emperor Edition,play,247.11803110535863,0
151603809,Garry's Mod,purchase,1.0,0
151603759,Football Manager 2015,play,336.63994413701954,0
151603731,Grand Theft Auto V,play,146.97426044997556,0
151603798,Dota 2,play,422.34895247921605,0
151603723,Portal 2,purchase,1.0,0
151603799,Portal 2,purchase,1.0,0
151603734,Half-Life 2,purchase,1.0,0
151603712,Dota 2,play,344.64558162352597,0
151603742,Terraria,play,246.44637885921304,0
151603792,Half-Life 2,purchase,1.0,0
151603765,Borderlands 2,purchase,1.0,0
151603753,Football Manager 2015,play,367.23997569976456,0
151603743,Garry's Mod,purchase,1.0,0
151603808,The Elder Scrolls V: Skyrim,purchase,1.0,0
151603755,Borderlands 2,purchase,1.0,0
151603766,Garry's Mod,play,173.6076076189374,0
151603737,Garry's Mod,play,446.9611406508693,0
151603767,Warframe,purchase,1.0,0
151603800,Garry's Mod,purchase,1.0,0
151603763,Grand Theft Auto V,play,78.720063010872,0
151603784,Football Manager 2015,play,23.433835512461926,0
151603787,Grand Theft Auto V,purchase,1.0,0
151603786,Grand Theft Auto V,purchase,1.0,0
151603752,Grand Theft Auto V,play,424.69771374957776,0
151603804,Sid Meier's Civilization V,purchase,1.0,0
151603749,Grand Theft Auto V,purchase,1.0,0
151603729,Dota 2,purchase,1.0,0
151603789,Total War: ROME II - Emperor Edition,purchase,1.0,0
151603807,Counter-Strike: Global Offensive,play,301.69847056412806,0
151603791,Borderlands 2,play,306.47805759672076,0
151603755,Portal 2,play,175.7801786708516,0
151603712,Portal 2,purchase,1.0,0
151603780,Warframe,play,95.34375461685596,0
151603759,Team Fortress 2,purchase,1.0,0
151603772,The Elder Scrolls V: Skyrim,play,279.2277912028471,0
151603795,Dota 2,purchase,1.0,0
151603736,Team Fortress 2,purchase,1.0,0
151603800,Total War: ROME II - Emperor Edition,play,222.78889733492488,0
151603783,Borderlands 2,play,395.1186587879904,0
151603727,The Elder Scrolls V: Skyrim,play,225.9051199811076,0
151603790,Half-Life 2,purchase,1.0,0
151603717,Dota 2,purchase,1.0,0
151603810,Half-Life 2,play,186.9635849986053,0
151603770,Team Fortress 2,purchase,1.0,0
151603792,The Elder Scrolls V: Skyrim,play,410.5732517383221,0
151603768,Half-Life 2,play,91.62093797546635,0
151603751,Warframe,purchase,1.0,0
151603727,Borderlands 2,purchase,1.0,0
151603793,Team Fortress 2,purchase,1.0,0
151603754,Borderlands 2,purchase,1.0,0
151603774,Grand Theft Auto V,purchase,1.0,0
151603769,Left 4 Dead 2,play,334.4941293410619,0
151603718,The Elder Scrolls V: Skyrim,purchase,1.0,0
151603760,Sid Meier's Civilization V,play,93.87157537142848,0
151603738,Grand Theft Auto V,purchase,1.0,0
151603729,Terraria,play,263.41663790148453,0
151603746,Warframe,purchase,1.0,0
151603754,Team Fortress 2,play,57.38861740287116,0
151603730,Portal 2,play,355.95258327081143,0
151603774,Left 4 Dead 2,play,273.9293280662007,0
151603771,Counter-Strike: Global Offensive,purchase,1.0,0
151603765,Portal 2,play,262.2787288121317,0
151603763,Sid Meier's Civilization V,play,115.43990680741469,0
151603714,Borderlands 2,play,158.63285427678045,0
151603719,Team Fortress 2,purchase,1.0,0
151603715,Sid Meier's Civilization V,play,34.50520249367791,0
151603785,Terraria,play,237.75968805336882,0
151603774,Portal 2,play,402.40853111611864,0
151603790,Football Manager 2015,purchase,1.0,0
151603775,Left 4 Dead 2,purchase,1.0,0
151603771,Borderlands 2,purchase,1.0,0
151603738,Half-Life 2,purchase,1.0,0
151603789,Garry's Mod,play,101.65390552766927,0
151603775,Portal 2,purchase,1.0,0
151603775,Counter-Strike: Global Offensive,purchase,1.0,0
151603765,Left 4 Dead 2,play,131.76985627791876,0
151603774,Counter-Strike: Global Offensive,play,168.69943467732966,0
151603786,Portal 2,play,487.67288314139466,0
151603733,Portal 2,purchase,1.0,0
151603750,Borderlands 2,play,461.2005565388943,0
151603744,Counter-Strike: Global Offensive,purchase,1.0,0
151603800,Portal 2,play,397.6605557158401,0
151603741,Left 4 Dead 2,purchase,1.0,0
151603786,Borderlands 2,purchase,1.0,0
151603760,Borderlands 2,play,462.8937372816297,0
151603801,Borderlands 2,play,129.1062745166436,0
151603757,Warframe,purchase,1.0,0
151603765,Terraria,play,324.60611201606685,0
151603775,Portal 2,play,103.33931547188747,0
151603787,Team Fortress 2,play,248.36729674264936,0
151603754,Grand Theft Auto V,purchase,1.0,0
151603739,Total War: ROME II - Emperor Edition,purchase,1.0,0
151603772,Borderlands 2,play,320.50285042047165,0
151603787,Sid Meier's Civilization V,play,433.8066247662086,0
151603751,Sid Meier's Civilization V,play,489.96905568525233,0
151603764,Garry's Mod,purchase,1.0,0
151603736,The Elder Scrolls V: Skyrim,purchase,1.0,0
151603746,Total War: ROME II - Emperor Edition,purchase,1.0,0
151603794,Garry's Mod,play,175.62750997242094,0
151603714,Half-Life 2,purchase,1.0,0
151603768,Counter-Strike: Global Offensive,purchase,1.0,0
151603746,The Elder Scrolls V: Skyrim,purchase,1.0,0
151603761,Grand Theft Auto V,play,103.83580484132881,0
151603770,Warframe,purchase,1.0,0
151603784,Half-Life 2,play,203.73750534557644,0
151603718,Counter-Strike: Global Offensive,play,128.7451204959704,0
151603726,Borderlands 2,purchase,1.0,0
151603787,Portal 2,purchase,1.0,0
151603754,Half-Life 2,purchase,1.0,0
151603801,Football Manager 2015,play,385.60456918066075,0
151603805,Total War: ROME II - Emperor Edition,purchase,1.0,0
151603799,Left 4 Dead 2,purchase,1.0,0
151603715,Team Fortress 2,play,40.320490874802324,0
151603767,Garry's Mod,purchase,1.0,0
151603806,Counter-Strike: Global Offensive,play,131.2776358553434,0
151603722,Total War: ROME II - Emperor Edition,play,232.23666042602957,0
151603714,Half-Life 2,play,86.32386504534281,0
151603801,Warframe,play,7.555676045095784,0
151603759,Football Manager 2015,purchase,1.0,0
151603714,Portal 2,play,481.06995853466395,0
151603810,Counter-Strike: Global Offensive,play,268.5960000849742,0
151603767,Counter-Strike: Global Offensive,play,370.6231364873586,0
151603715,Football Manager 2015,purchase,1.0,0
151603767,Sid Meier's Civilization V,purchase,1.0,0
151603804,Dota 2,play,134.9219410624076,0
151603733,Total War: ROME II - Emperor Edition,play,116.51804976915305,0
151603788,Garry's Mod,purchase,1.0,0
151603760,Left 4 Dead 2,play,162.78647302013894,0
151603797,Football Manager 2015,play,259.92122799325034,0
151603778,Dota 2,purchase,1.0,0
151603717,Football Manager 2015,purchase,1.0,0
151603800,Team Fortress 2,purchase,1.0,0
151603712,Team Fortress 2,purchase,1.0,0
151603802,Garry's Mod,play,34.27063254896772,0
151603788,Left 4 Dead 2,play,101.26941967237155,0
151603738,Sid Meier's Civilization V,play,332.345648849559,0
151603806,Portal 2,purchase,1.0,0
151603747,Football Manager 2015,purchase,1.0,0
151603769,Team Fortress 2,play,113.17158825292982,0
151603771,Borderlands 2,play,54.7496325569453,0
151603760,The Elder Scrolls V: Skyrim,purchase,1.0,0
151603737,Team Fortress 2,play,165.0609373835509,0
151603719,Football Manager 2015,play,21.001541539889978,0
151603751,Terraria,purchase,1.0,0
151603728,Team Fortress 2,play,92.14541854859927,0
151603746,Left 4 Dead 2,play,442.8009823422146,0
151603759,Team Fortress 2,play,400.47839822610496,0
151603744,Football Manager 2015,purchase,1.0,0
151603766,Dota 2,purchase,1.0,0
151603801,Terraria,play,19.29394782650054,0
151603787,Left 4 Dead 2,purchase,1.0,0
151603775,Borderlands 2,play,252.10179697358265,0
151603776,Total War: ROME II - Emperor Edition,purchase,1.0,0
151603724,Garry's Mod,purchase,1.0,0
151603743,Counter-Strike: Global Offensive,play,146.60631450108033,0
151603773,Warframe,play,42.50373704966084,0
151603714,Football Manager 2015,purchase,1.0,0
151603744,Team Fortress 2,purchase,1.0,0
151603796,Garry's Mod,play,229.87884474127543,0
151603787,Half-Life 2,play,137.4854636896797,0
151603715,Terraria,purchase,1.0,0
151603720,Terraria,play,266.91660930348763,0
151603729,Team Fortress 2,purchase,1.0,0
151603791,Total War: ROME II - Emperor Edition,purchase,1.0,0
151603760,Sid Meier's Civilization V,purchase,1.0,0
151603732,Borderlands 2,play,15.16941361328945,0
151603714,Garry's Mod,purchase,1.0,0
151603721,Warframe,play,180.43158035505945,0
151603714,Team Fortress 2,purchase,1.0,0
151603719,Warframe,purchase,1.0,0
151603725,Counter-Strike: Global Offensive,purchase,1.0,0
151603712,Dota 2,purchase,1.0,0
151603712,Half-Life 2,play,410.8836226334794,0
151603731,Borderlands 2,play,486.80710972887164,0
151603739,Grand Theft Auto V,play,211.4722447187233,0
151603771,Grand Theft Auto V,play,18.786683925570443,0
151603775,Sid Meier's Civilization V,play,136.13341733531277,0
151603769,Garry's Mod,purchase,1.0,0
151603714,Total War: ROME II - Emperor Edition,play,126.30027205054427,0
151603788,The Elder Scrolls V: Skyrim,play,108.29017075581973,0
151603757,Garry's Mod,play,378.2109347058158,0
151603755,The Elder Scrolls V: Skyrim,purchase,1.0,0
151603765,The Elder Scrolls V: Skyrim,purchase,1.0,0
151603784,Warframe,play,375.5098088271227,0
151603803,Warframe,purchase,1.0,0
151603795,Garry's Mod,purchase,1.0,0
151603780,Sid Meier's Civilization V,purchase,1.0,0
151603774,Terraria,purchase,1.0,0
151603763,Borderlands 2,play,158.54261307875757,0
151603787,Dota 2,play,177.15309381020603,0
151603729,Warframe,play,310.45649983259955,0
151603766,Football Manager 2015,purchase,1.0,0
151603756,Grand Theft Auto V,play,138.49822663779122,0
151603805,Football Manager 2015,play,207.8938964818365,0
151603745,Borderlands 2,play,165.74122811131787,0
151603717,Team Fortress 2,play,60.30591474454483,0
151603761,Terraria,play,185.15687655402755,0
151603777,Half-Life 2,purchase,1.0,0
151603718,Total War: ROME II - Emperor Edition,purchase,1.0,0
151603799,Team Fortress 2,play,208.21698173556925,0
151603785,Dota 2,play,42.905501326783835,0
151603745,Borderlands 2,purchase,1.0,0
151603760,Team Fortress 2,purchase,1.0,0
151603807,Dota 2,play,213.97562273181737,0
151603757,Terraria,play,2.76568974983775,0
151603749,Team Fortress 2,play,23.41207968805817,0
151603759,Grand Theft Auto V,play,84.78101200170303,0
151603782,Counter-Strike: Global Offensive,purchase,1.0,0
151603714,Garry's Mod,play,368.9326637205274,0
151603775,Left 4 Dead 2,play,11.27055099639341,0
151603801,Grand Theft Auto V,play,493.9717934006428,0
151603770,Borderlands 2,purchase,1.0,0
151603797,Football Manager 2015,purchase,1.0,0
151603791,Team Fortress 2,purchase,1.0,0
151603754,Total War: ROME II - Emperor Edition,play,431.5412743361502,0
151603792,Portal 2,play,66.85143719487125,0
151603720,Sid Meier's Civilization V,play,138.17714481850686,0
151603753,Warframe,purchase,1.0,0
151603729,Football Manager 2015,purchase,1.0,0
151603759,Half-Life 2,purchase,1.0,0
151603727,The Elder Scrolls V: Skyrim,purchase,1.0,0
151603777,Dota 2,purchase,1.0,0
151603748,Total War: ROME II - Emperor Edition,play,421.6165073552084,0
151603714,Sid Meier's Civilization V,play,262.1036853929307,0
151603779,Warframe,purchase,1.0,0
151603726,Counter-Strike: Global Offensive,play,25.4775424080272,0
151603787,Total War: ROME II - Emperor Edition,play,272.8611657128307,0
151603758,Half-Life 2,play,273.4524447465442,0
151603780,Total War: ROME II - Emperor Edition,purchase,1.0,0
151603794,Terraria,play,475.4025902215035,0
151603757,Left 4 Dead 2,play,271.56553939701286,0
151603720,Football Manager 2015,purchase,1.0,0
151603733,The Elder Scrolls V: Skyrim,purchase,1.0,0
151603722,Football Manager 2015,purchase,1.0,0
151603804,Portal 2,play,445.6130743609789,0
151603720,Team Fortress 2,purchase,1.0,0
151603731,The Elder Scrolls V: Skyrim,play,458.53660991808596,0
151603773,Dota 2,purchase,1.0,0
151603741,Counter-Strike: Global Offensive,purchase,1.0,0
151603752,Total War: ROME II - Emperor Edition,purchase,1.0,0
151603728,The Elder Scrolls V: Skyrim,purchase,1.0,0
151603755,Dota 2,play,47.88290279696726,0
151603772,Grand Theft Auto V,purchase,1.0,0
151603794,Counter-Strike: Global Offensive,play,445.26846364695257,0
151603726,Portal 2,purchase,1.0,0
151603806,Half-Life 2,play,94.73762128202577,0
151603739,Team Fortress 2,play,363.30816792913015,0
151603788,Football Manager 2015,play,202.20703985779696,0
151603719,Counter-Strike: Global Offensive,play,401.35046488238095,0
151603732,Sid Meier's Civilization V,purchase,1.0,0
151603755,Football Manager 2015,purchase,1.0,0
151603760,Dota 2,play,391.82147901076945,0
151603738,Left 4 Dead 2,play,226.6929561927884,0
151603806,Borderlands 2,play,265.59964640020627,0
151603783,Team Fortress 2,purchase,1.0,0
151603785,Grand Theft Auto V,play,182.94920496047436,0
151603772,Left 4 Dead 2,purchase,1.0,0
151603736,Portal 2,play,50.2141070311312,0
151603746,Team Fortress 2,purchase,1.0,0
151603771,Warframe,purchase,1.0,0
151603767,Borderlands 2,purchase,1.0,0
151603808,Counter-Strike: Global Offensive,play,25.163211082115335,0
151603811,Half-Life 2,purchase,1.0,0
151603778,Portal 2,purchase,1.0,0
151603758,Sid Meier's Civilization V,purchase,1.0,0
151603746,Counter-Strike: Global Offensive,purchase,1.0,0
151603729,Sid Meier's Civilization V,play,278.4814787180725,0
151603755,Total War: ROME II - Emperor Edition,play,240.57958474462734,0
151603780,Dota 2,purchase,1.0,0
151603767,Total War: ROME II - Emperor Edition,purchase,1.0,0
151603752,Warframe,purchase,1.0,0
151603802,Dota 2,purchase,1.0,0
151603741,Total War: ROME II - Emperor Edition,purchase,1.0,0
151603751,Grand Theft Auto V,purchase,1.0,0
151603742,Half-Life 2,purchase,1.0,0
151603791,Dota 2,play,944.7536655176157,0
151603804,Football Manager 2015,purchase,1.0,0
151603767,Dota 2,play,449.90961062107147,0
151603755,Counter-Strike: Global Offensive,purchase,1.0,0
151603789,Left 4 Dead 2,purchase,1.0,0
151603766,Half-Life 2,purchase,1.0,0
151603767,Warframe,play,70.94756907641049,0
151603797,Sid Meier's Civilization V,purchase,1.0,0
151603776,Counter-Strike: Global Offensive,play,171.34728468124848,0
151603713,Team Fortress 2,play,183.39377292122157,0
151603754,The Elder Scrolls V: Skyrim,play,108.37960872481305,0
151603715,The Elder Scrolls V: Skyrim,purchase,1.0,0
151603790,Grand Theft Auto V,play,340.6227645603353,0
151603754,Left 4 Dead 2,purchase,1.0,0
151603730,Garry's Mod,play,119.19312267303881,0
151603733,Grand Theft Auto V,play,250.20925788810476,0
151603781,Sid Meier's Civilization V,purchase,1.0,0
151603763,Garry's Mod,play,144.15851352374003,0
151603741,Left 4 Dead 2,play,172.21949082906485,0
151603721,Total War: ROME II - Emperor Edition,play,117.52832173556193,0
151603719,Borderlands 2,purchase,1.0,0
151603781,Portal 2,play,496.666860672007,0
151603751,Sid Meier's Civilization V,purchase,1.0,0
151603787,Borderlands 2,play,121.59345350954268,0
151603745,Terraria,purchase,1.0,0
151603727,Grand Theft Auto V,play,292.83217714123396,0
151603740,Grand Theft Auto V,purchase,1.0,0
151603761,Left 4 Dead 2,purchase,1.0,0
151603739,Sid Meier's Civilization V,purchase,1.0,0
151603774,Warframe,play,432.25861955666124,0
151603729,Dota 2,play,236.45852333830564,0
151603792,Grand Theft Auto V,play,409.2197244282245,0
151603801,Portal 2,purchase,1.0,0
151603757,Team Fortress 2,play,393.4732461364559,0
151603712,The Elder Scrolls V: Skyrim,play,208.31285445593608,0
151603764,Counter-Strike: Global Offensive,purchase,1.0,0
151603760,Total War: ROME II - Emperor Edition,purchase,1.0,0
151603723,Grand Theft Auto V,play,48.0928937014059,0
151603773,Terraria,play,498.92871611416945,0
151603807,Football Manager 2015,play,23.2830952048874,0
151603733,Borderlands 2,purchase,1.0,0
151603803,Dota 2,purchase,1.0,0
151603800,The Elder Scrolls V: Skyrim,purchase,1.0,0
151603740,Sid Meier's Civilization V,purchase,1.0,0
151603746,Terraria,purchase,1.0,0
151603764,Grand Theft Auto V,purchase,1.0,0
151603740,The Elder Scrolls V: Skyrim,play,388.1905035738655,0
151603811,Borderlands 2,play,349.7990541921866,0
151603732,Left 4 Dead 2,purchase,1.0,0
151603803,Half-Life 2,play,99.52164931523946,0
151603765,Borderlands 2,play,120.6095557858658,0
151603742,Terraria,purchase,1.0,0
151603782,The Elder Scrolls V: Skyrim,play,394.34326701169744,0
151603729,The Elder Scrolls V: Skyrim,play,156.921521973268,0
151603729,Borderlands 2,purchase,1.0,0
151603798,Team Fortress 2,play,120.03440307059473,0
151603772,Half-Life 2,purchase,1.0,0
151603792,Warframe,purchase,1.0,0
151603770,Garry's Mod,purchase,1.0,0
151603767,Left 4 Dead 2,purchase,1.0,0
151603775,Warframe,purchase,1.0,0
151603714,Counter-Strike: Global Offensive,play,129.60925755384437,0
151603777,Team Fortress 2,play,382.52734430572133,0
151603741,Sid Meier's Civilization V,play,376.56141786095833,0
151603771,Garry's Mod,purchase,1.0,0
151603766,Portal 2,purchase,1.0,0
151603777,Total War: ROME II - Emperor Edition,purchase,1.0,0
151603778,Warframe,purchase,1.0,0
151603769,Grand Theft Auto V,play,477.7563159001728,0
151603789,Football Manager 2015,purchase,1.0,0
151603768,Sid Meier's Civilization V,purchase,1.0,0
151603735,Dota 2,play,321.37142900607336,0
151603742,Football Manager 2015,purchase,1.0,0
151603771,Dota 2,purchase,1.0,0
151603780,Left 4 Dead 2,play,417.068804858096,0
151603801,The Elder Scrolls V: Skyrim,purchase,1.0,0
151603766,Garry's Mod,purchase,1.0,0
151603712,Counter-Strike: Global Offensive,play,313.2084256988941,0
151603751,Counter-Strike: Global Offensive,play,457.25458536184306,0
151603765,Grand Theft Auto V,purchase,1.0,0
151603759,Half-Life 2,play,293.0491512420385,0
151603721,Borderlands 2,purchase,1.0,0
151603778,Terraria,play,74.69569383688726,0
151603801,Borderlands 2,purchase,1.0,0
151603794,Sid Meier's Civilization V,play,190.34040053511396,0
151603793,Warframe,play,113.02909995334653,0
151603723,The Elder Scrolls V: Skyrim,play,435.83991924147057,0
151603811,Half-Life 2,play,2.9744053450534467,0
151603790,Garry's Mod,play,186.87194193798675,0
151603763,Left 4 Dead 2,play,358.7548391064325,0
151603761,Dota 2,play,172.39306958005946,0
151603790,Terraria,purchase,1.0,0
151603774,Total War: ROME II - Emperor Edition,purchase,1.0,0
151603725,Garry's Mod,play,267.59869847327,0
151603738,Football Manager 2015,play,126.30904637413833,0
151603797,Dota 2,purchase,1.0,0
151603769,Half-Life 2,play,33.129946769972825,0
151603797,Grand Theft Auto V,purchase,1.0,0
151603759,Total War: ROME II - Emperor Edition,play,42.1213766890928,0
151603791,Portal 2,purchase,1.0,0
151603761,Grand Theft Auto V,purchase,1.0,0
151603810,Garry's Mod,purchase,1.0,0
151603755,Warframe,play,182.0086845584659,0
151603740,Total War: ROME II - Emperor Edition,purchase,1.0,0
151603808,Dota 2,play,70.1160900641135,0
151603765,Warframe,purchase,1.0,0
151603802,Football Manager 2015,play,144.75519512243616,0
151603785,Terraria,purchase,1.0,0
151603772,Sid Meier's Civilization V,purchase,1.0,0
151603736,Borderlands 2,play,321.2135693029677,0
151603740,Dota 2,play,125.32002039107368,0
151603754,Terraria,purchase,1.0,0
151603766,Football Manager 2015,play,128.7150989370394,0
151603730,Football Manager 2015,purchase,1.0,0
151603770,Left 4 Dead 2,purchase,1.0,0
151603750,Garry's Mod,purchase,1.0,0
151603764,Portal 2,play,468.2371286998206,0
151603719,Sid Meier's Civilization V,play,409.9719386515343,0
151603745,Dota 2,play,46.30325703357264,0
151603809,The Elder Scrolls V: Skyrim,purchase,1.0,0
151603784,Team Fortress 2,purchase,1.0,0
151603772,Portal 2,play,208.61416520592468,0
151603781,Team Fortress 2,play,69.87646720020923,0
151603751,Half-Life 2,purchase,1.0,0
151603791,Total War: ROME II - Emperor Edition,play,15.33473703774238,0
151603740,The Elder Scrolls V: Skyrim,purchase,1.0,0
151603788,The Elder Scrolls V: Skyrim,purchase,1.0,0
151603730,Portal 2,purchase,1.0,0
151603727,Sid Meier's Civilization V,purchase,1.0,0
151603784,Sid Meier's Civilization V,play,458.7082436472823,0
151603779,Borderlands 2,play,287.49323301212416,0
151603717,Warframe,purchase,1.0,0
151603795,Half-Life 2,play,46.927421587750224,0
151603787,Total War: ROME II - Emperor Edition,purchase,1.0,0
151603717,Total War: ROME II - Emperor Edition,purchase,1.0,0
151603801,Team Fortress 2,play,230.81721034734278,0
151603726,Counter-Strike: Global Offensive,purchase,1.0,0
151603786,The Elder Scrolls V: Skyrim,purchase,1.0,0
151603763,Garry's Mod,purchase,1.0,0
151603732,Counter-Strike: Global Offensive,play,215.023710144873,0
151603715,Team Fortress 2,purchase,1.0,0
151603800,Football Manager 2015,purchase,1.0,0
151603791,Half-Life 2,play,495.73958336200235,0
151603804,Terraria,purchase,1.0,0
151603798,Borderlands 2,play,240.8470375463501,0
151603754,Warframe,play,320.55496135632575,0
151603771,The Elder Scrolls V: Skyrim,play,244.63863239712444,0
151603720,Garry's Mod,purchase,1.0,0
151603780,Portal 2,purchase,1.0,0
151603763,The Elder Scrolls V: Skyrim,play,346.3888424465075,0
151603782,Football Manager 2015,play,57.380256972118815,0
151603753,Terraria,purchase,1.0,0
151603742,Portal 2,play,172.22306715110804,0
151603806,Garry's Mod,play,458.00564203024936,0
151603792,Garry's Mod,play,256.5754883359105,0
151603717,Half-Life 2,purchase,1.0,0
151603754,Borderlands 2,play,346.0053043715416,0
151603779,Half-Life 2,play,92.38083891749532,0
151603792,Portal 2,purchase,1.0,0
151603774,Dota 2,play,367.53205551819497,0
151603754,Warframe,purchase,1.0,0
151603783,Left 4 Dead 2,play,252.58808041263757,0
151603795,Garry's Mod,play,438.22703357259,0
151603787,Borderlands 2,purchase,1.0,0
151603804,Counter-Strike: Global Offensive,play,271.08349243128686,0
151603743,Half-Life 2,play,19.5978761730792,0
151603735,Warframe,play,280.19068778934854,0
151603740,Garry's Mod,purchase,1.0,0
151603777,Left 4 Dead 2,play,450.3612589147891,0
151603804,Borderlands 2,play,494.7377042329194,0
151603775,Grand Theft Auto V,play,419.4281328701841,0
151603753,Football Manager 2015,purchase,1.0,0
151603799,Grand Theft Auto V,play,57.14625908469735,0
151603770,Team Fortress 2,play,118.10073522422628,0
151603779,Football Manager 2015,play,256.2925095005413,0
151603792,Sid Meier's Civilization V,play,380.54277781175796,0
151603712,Terraria,purchase,1.0,0
151603786,Football Manager 2015,play,330.8965190101404,0
151603809,Dota 2,purchase,1.0,0
151603741,Warframe,purchase,1.0,0
151603715,Warframe,purchase,1.0,0
151603804,Warframe,play,361.0617430989096,0
151603771,Left 4 Dead 2,purchase,1.0,0
151603804,Garry's Mod,purchase,1.0,0
151603759,Dota 2,play,30.741218994017252,0
151603764,Football Manager 2015,play,149.06946646101335,0
151603793,Grand Theft Auto V,play,29.039272923919956,0
151603790,Left 4 Dead 2,purchase,1.0,0
151603804,Half-Life 2,purchase,1.0,0
151603765,Dota 2,purchase,1.0,0
151603788,Football Manager 2015,purchase,1.0,0
151603739,Warframe,purchase,1.0,0
151603780,Football Manager 2015,purchase,1.0,0
151603767,Portal 2,play,60.69507455340655,0
151603742,Sid Meier's Civilization V,purchase,1.0,0
151603744,The Elder Scrolls V: Skyrim,purchase,1.0,0
151603783,Terraria,play,375.1358131348344,0
151603765,Total War: ROME II - Emperor Edition,play,466.0884108049187,0
151603797,Terraria,purchase,1.0,0
151603804,Grand Theft Auto V,purchase,1.0,0
151603719,Team Fortress 2,play,109.05999223820083,0
151603723,Team Fortress 2,play,391.73734080623836,0
151603800,The Elder Scrolls V: Skyrim,play,195.80233131088858,0
151603785,Borderlands 2,play,17.338565660953584,0
151603754,Sid Meier's Civilization V,purchase,1.0,0
151603760,Terraria,purchase,1.0,0
151603712,Portal 2,play,296.9606487978338,0
151603786,Team Fortress 2,purchase,1.0,0
151603712,Sid Meier's Civilization V,purchase,1.0,0
151603770,Total War: ROME II - Emperor Edition,play,397.69140701496195,0
151603735,Counter-Strike: Global Offensive,play,742.3104893301946,0
151603771,Total War: ROME II - Emperor Edition,play,126.28549113820871,0
151603793,Portal 2,purchase,1.0,0
151603743,Dota 2,purchase,1.0,0
151603720,Grand Theft Auto V,play,49.58929325717299,0
151603729,Warframe,purchase,1.0,0
151603799,Counter-Strike: Global Offensive,play,187.8962681255053,0
151603732,The Elder Scrolls V: Skyrim,purchase,1.0,0
151603789,Sid Meier's Civilization V,purchase,1.0,0
151603713,Dota 2,purchase,1.0,0
151603801,Left 4 Dead 2,purchase,1.0,0
151603761,Counter-Strike: Global Offensive,purchase,1.0,0
151603775,Garry's Mod,play,478.68594889759976,0
151603733,Total War: ROME II - Emperor Edition,purchase,1.0,0
151603778,Garry's Mod,purchase,1.0,0
151603766,Total War: ROME II - Emperor Edition,play,127.53516974904184,0
151603794,Dota 2,play,195.64183012583533,0
151603778,Borderlands 2,play,414.6823302096929,0
151603766,Sid Meier's Civilization V,purchase,1.0,0
151603793,Borderlands 2,play,233.5329700969595,0
151603738,Borderlands 2,play,466.5831304932614,0
151603749,The Elder Scrolls V: Skyrim,play,56.44034091332035,0
151603763,Sid Meier's Civilization V,purchase,1.0,0
151603741,Half-Life 2,purchase,1.0,0
151603747,Borderlands 2,purchase,1.0,0
151603776,The Elder Scrolls V: Skyrim,purchase,1.0,0
151603750,Warframe,purchase,1.0,0
151603746,Half-Life 2,purchase,1.0,0
151603782,Football Manager 2015,purchase,1.0,0
151603718,Dota 2,play,331.50857637736596,0
151603728,The Elder Scrolls V: Skyrim,play,215.46943836048067,0
151603754,Dota 2,play,372.26835069854184,0
151603788,Counter-Strike: Global Offensive,play,454.39146757798727,0
151603790,Portal 2,purchase,1.0,0
151603789,Counter-Strike: Global Offensive,play,111.35035529736217,0
151603731,Dota 2,purchase,1.0,0
151603727,Warframe,play,306.06920619320556,0
151603731,Left 4 Dead 2,play,267.77570951693286,0
151603720,Terraria,purchase,1.0,0
151603772,Half-Life 2,play,25.690289294495184,0
151603769,Terraria,play,458.1393600658889,0
151603738,Garry's Mod,purchase,1.0,0
151603715,Dota 2,play,179.6589864140704,0
151603750,Counter-Strike: Global Offensive,purchase,1.0,0
151603774,Football Manager 2015,purchase,1.0,0
151603727,Terraria,play,120.57744544643856,0
151603727,Dota 2,play,390.8569342708146,0
151603767,The Elder Scrolls V: Skyrim,purchase,1.0,0
151603792,Team Fortress 2,play,262.02238282787926,0
151603792,The Elder Scrolls V: Skyrim,purchase,1.0,0
151603726,Total War: ROME II - Emperor Edition,play,314.9646992284179,0
151603801,Counter-Strike: Global Offensive,play,461.5058909361019,0
151603799,Sid Meier's Civilization V,purchase,1.0,0
151603777,Team Fortress 2,purchase,1.0,0
151603773,Team Fortress 2,play,672.7324359821696,0
151603785,Borderlands 2,purchase,1.0,0
151603715,Borderlands 2,purchase,1.0,0
151603720,Sid Meier's Civilization V,purchase,1.0,0
151603737,Garry's Mod,purchase,1.0,0
151603734,Dota 2,purchase,1.0,0
151603792,Borderlands 2,purchase,1.0,0
151603730,Left 4 Dead 2,play,499.87152081896807,0
151603778,Garry's Mod,play,371.66880268688243,0
151603789,Dota 2,play,355.6080444360901,0
151603755,Portal 2,purchase,1.0,0
151603805,Garry's Mod,purchase,1.0,0
151603763,Counter-Strike: Global Offensive,purchase,1.0,0
151603766,Dota 2,play,125.36907857622336,0
151603775,Terraria,purchase,1.0,0
151603733,Counter-Strike: Global Offensive,purchase,1.0,0
151603726,Team Fortress 2,play,912.8044128568205,0
151603765,Sid Meier's Civilization V,purchase,1.0,0
151603796,Borderlands 2,purchase,1.0,0
151603770,Borderlands 2,play,146.1262000845206,0
151603748,The Elder Scrolls V: Skyrim,play,86.43292832300287,0
151603738,Garry's Mod,play,66.38213920282857,0
151603714,Portal 2,purchase,1.0,0
151603765,Warframe,play,307.62285760175786,0
151603808,Terraria,play,412.1061701576338,0
151603810,Team Fortress 2,purchase,1.0,0
151603805,Counter-Strike: Global Offensive,purchase,1.0,0
151603786,Terraria,purchase,1.0,0
151603788,Garry's Mod,play,66.2064135220675,0
151603776,Terraria,play,319.46887941247024,0
151603804,Football Manager 2015,play,497.22080110066696,0
151603731,Half-Life 2,purchase,1.0,0
151603737,Half-Life 2,play,285.79703807872727,0
151603741,Borderlands 2,play,196.89752066056198,0
151603811,Grand Theft Auto V,play,196.0003496269781,0
151603726,Terraria,purchase,1.0,0
151603772,Football Manager 2015,purchase,1.0,0
151603776,Warframe,play,479.7021628076558,0
151603737,Football Manager 2015,play,284.87284118080055,0
151603773,Football Manager 2015,purchase,1.0,0
151603808,Warframe,play,476.9043263759829,0
151603747,Sid Meier's Civilization V,purchase,1.0,0
151603775,Team Fortress 2,purchase,1.0,0
151603757,Portal 2,purchase,1.0,0
151603785,Sid Meier's Civilization V,purchase,1.0,0
151603743,Grand Theft Auto V,purchase,1.0,0
151603790,Dota 2,play,304.04619147943583,0
151603801,Warframe,purchase,1.0,0
151603784,Portal 2,purchase,1.0,0
151603738,Dota 2,play,459.9118518853443,0
151603798,Total War: ROME II - Emperor Edition,play,489.13446084972236,0
151603736,Dota 2,purchase,1.0,0
151603733,Football Manager 2015,purchase,1.0,0
151603789,Garry's Mod,purchase,1.0,0
151603809,Terraria,purchase,1.0,0
151603730,Sid Meier's Civilization V,play,15.85391115167128,0
151603727,Dota 2,purchase,1.0,0
151603759,Dota 2,purchase,1.0,0
151603718,Dota 2,purchase,1.0,0
151603775,Half-Life 2,play,311.5843790603331,0
151603796,Grand Theft Auto V,play,166.7961798709693,0
151603729,Total War: ROME II - Emperor Edition,purchase,1.0,0
151603733,Sid Meier's Civilization V,play,5.040778181696939,0
151603784,Sid Meier's Civilization V,purchase,1.0,0
151603776,Warframe,purchase,1.0,0
151603731,Portal 2,purchase,1.0,0
151603768,Terraria,purchase,1.0,0
151603759,Borderlands 2,play,175.58095797052312,0
151603767,Dota 2,purchase,1.0,0
151603737,Dota 2,play,207.8141942298828,0
151603785,The Elder Scrolls V: Skyrim,purchase,1.0,0
151603780,Dota 2,play,253.22117530805005,0
151603802,Borderlands 2,play,119.28206100344303,0
151603779,Dota 2,purchase,1.0,0
151603731,Garry's Mod,purchase,1.0,0
151603771,Terraria,play,174.4371332842022,0
151603776,Borderlands 2,play,470.05267997783244,0
151603791,Football Manager 2015,play,262.60227769457555,0
151603808,Portal 2,purchase,1.0,0
151603746,Counter-Strike: Global Offensive,play,159.11649024412404,0
151603800,Dota 2,purchase,1.0,0
151603768,Grand Theft Auto V,purchase,1.0,0
151603809,Terraria,play,208.4958279884524,0
151603745,Left 4 Dead 2,purchase,1.0,0
151603810,Sid Meier's Civilization V,play,93.47815422683776,0
151603789,Football Manager 2015,play,80.6766307932567,0
151603739,Portal 2,purchase,1.0,0
151603790,Total War: ROME II - Emperor Edition,play,492.9294751495624,0
151603767,Total War: ROME II - Emperor Edition,play,378.3235580314243,0
151603763,Left 4 Dead 2,purchase,1.0,0
151603784,The Elder Scrolls V: Skyrim,play,133.77283404086236,0
151603742,Left 4 Dead 2,purchase,1.0,0
151603807,Counter-Strike: Global Offensive,purchase,1.0,0
151603750,Counter-Strike: Global Offensive,play,190.91867877585213,0
151603744,Half-Life 2,play,82.33050825662224,0
151603784,Portal 2,play,480.7869447678259,0
151603775,Grand Theft Auto V,purchase,1.0,0
151603768,Borderlands 2,purchase,1.0,0
151603726,The Elder Scrolls V: Skyrim,play,337.71168191630227,0
151603740,Counter-Strike: Global Offensive,play,456.5486537549419,0
151603803,Terraria,play,483.3609177347326,0
151603770,Terraria,purchase,1.0,0
151603751,Half-Life 2,play,111.83060619164094,0
151603764,Grand Theft Auto V,play,55.01313127379795,0
151603737,Warframe,play,403.54186245236906,0
151603795,Football Manager 2015,purchase,1.0,0
151603807,Sid Meier's Civilization V,purchase,1.0,0
151603737,Dota 2,purchase,1.0,0
151603738,Left 4 Dead 2,purchase,1.0,0
151603782,The Elder Scrolls V: Skyrim,purchase,1.0,0
151603780,Team Fortress 2,play,78.9440589386426,0
151603786,Garry's Mod,play,413.2309290097553,0
151603809,Football Manager 2015,purchase,1.0,0
151603732,Garry's Mod,play,258.0863745512873,0
151603713,Team Fortress 2,purchase,1.0,0
151603770,The Elder Scrolls V: Skyrim,purchase,1.0,0
151603727,Total War: ROME II - Emperor Edition,play,445.09974124872565,0
151603802,Team Fortress 2,purchase,1.0,0
151603786,Football Manager 2015,purchase,1.0,0
151603733,Portal 2,play,95.537614461814,0
151603729,The Elder Scrolls V: Skyrim,purchase,1.0,0
151603779,Warframe,play,412.6791146401298,0
151603755,Half-Life 2,play,81.74025343388386,0
151603715,Left 4 Dead 2,purchase,1.0,0
151603759,Warframe,purchase,1.0,0
151603725,Left 4 Dead 2,purchase,1.0,0
151603791,Team Fortress 2,play,85.29289553065931,0
151603801,Sid Meier's Civilization V,play,79.09325745034224,0
151603721,Warframe,purchase,1.0,0
151603755,The Elder Scrolls V: Skyrim,play,147.5778932069142,0
151603713,Left 4 Dead 2,play,21.857383438205435,0
151603789,Warframe,play,330.822617096926,0
151603734,Football Manager 2015,play,438.96132262883935,0
151603745,The Elder Scrolls V: Skyrim,purchase,1.0,0
151603802,Grand Theft Auto V,play,339.63132446363954,0
151603731,Warframe,purchase,1.0,0
151603731,Left 4 Dead 2,purchase,1.0,0
151603722,Warframe,play,118.77583646830108,0
151603745,Sid Meier's Civilization V,play,319.5827759916452,0
151603783,Grand Theft Auto V,purchase,1.0,0
151603762,Dota 2,purchase,1.0,0
151603793,Grand Theft Auto V,purchase,1.0,0
151603742,Grand Theft Auto V,purchase,1.0,0
151603803,Garry's Mod,purchase,1.0,0
151603714,Dota 2,purchase,1.0,0
151603787,Warframe,play,305.93465257788284,0
151603743,Portal 2,play,259.2965660368287,0
151603811,Counter-Strike: Global Offensive,purchase,1.0,0
151603775,Total War: ROME II - Emperor Edition,play,1.6365295370963637,0
151603803,Football Manager 2015,purchase,1.0,0
151603804,Dota 2,purchase,1.0,0
151603769,Left 4 Dead 2,purchase,1.0,0
151603789,Counter-Strike: Global Offensive,purchase,1.0,0
151603779,Grand Theft Auto V,play,260.5821817627167,0
151603807,Left 4 Dead 2,play,262.73074480441414,0
151603729,Left 4 Dead 2,purchase,1.0,0
151603736,Terraria,play,4.654987986146661,0
151603725,Left 4 Dead 2,play,258.3463198973962,0
151603728,Counter-Strike: Global Offensive,purchase,1.0,0
151603738,Grand Theft Auto V,play,41.96925518838468,0
151603767,Portal 2,purchase,1.0,0
151603749,Counter-Strike: Global Offensive,play,265.59478193107384,0
151603716,Half-Life 2,purchase,1.0,0
151603760,Warframe,play,251.19102755386837,0
151603755,Half-Life 2,purchase,1.0,0
151603779,Left 4 Dead 2,purchase,1.0,0
151603768,Total War: ROME II - Emperor Edition,purchase,1.0,0
151603807,Garry's Mod,play,367.6752957323702,0
151603728,Borderlands 2,play,461.4800266914628,0
151603799,Dota 2,purchase,1.0,0
151603739,The Elder Scrolls V: Skyrim,play,285.8486435940617,0
151603800,Half-Life 2,play,42.56400589452321,0
151603786,Borderlands 2,play,169.25215936889919,0
151603713,Left 4 Dead 2,purchase,1.0,0
151603739,Grand Theft Auto V,purchase,1.0,0
151603763,Half-Life 2,purchase,1.0,0
151603723,The Elder Scrolls V: Skyrim,purchase,1.0,0
151603776,Borderlands 2,purchase,1.0,0
151603740,Portal 2,play,416.8628507524922,0
151603714,Counter-Strike: Global Offensive,purchase,1.0,0
151603801,Portal 2,play,450.9836494875096,0
151603751,Team Fortress 2,purchase,1.0,0
151603802,Warframe,play,104.39226453753311,0
151603804,Half-Life 2,play,348.2219566263824,0
151603765,Half-Life 2,play,279.39996769449664,0
151603792,Warframe,play,71.85264922618195,0
151603714,Total War: ROME II - Emperor Edition,purchase,1.0,0
151603767,Grand Theft Auto V,play,236.3546222243139,0
151603763,Team Fortress 2,purchase,1.0,0
151603809,Dota 2,play,457.75803632936095,0
151603779,The Elder Scrolls V: Skyrim,purchase,1.0,0
151603757,Dota 2,purchase,1.0,0
151603792,Dota 2,play,101.59738398903424,0
151603787,Left 4 Dead 2,play,347.39640483230943,0
151603734,Team Fortress 2,purchase,1.0,0
151603720,The Elder Scrolls V: Skyrim,play,146.22473193348685,0
151603739,Borderlands 2,purchase,1.0,0
151603718,Football Manager 2015,purchase,1.0,0
151603777,Total War: ROME II - Emperor Edition,play,325.07741143073457,0
151603772,Team Fortress 2,play,38.56318783623374,0
151603767,Counter-Strike: Global Offensive,purchase,1.0,0
151603716,Counter-Strike: Global Offensive,play,307.60484775650787,0
151603715,Garry's Mod,play,490.5691056927843,0
151603774,Sid Meier's Civilization V,play,25.08384697483894,0
151603755,Sid Meier's Civilization V,purchase,1.0,0
151603802,The Elder Scrolls V: Skyrim,purchase,1.0,0
151603778,The Elder Scrolls V: Skyrim,purchase,1.0,0
151603726,Portal 2,play,142.36700919083233,0
151603719,Counter-Strike: Global Offensive,purchase,1.0,0
151603727,Grand Theft Auto V,purchase,1.0,0
151603745,Football Manager 2015,play,325.80011108046324,0
151603747,Sid Meier's Civilization V,play,65.68521718632792,0
151603789,The Elder Scrolls V: Skyrim,purchase,1.0,0
151603764,Garry's Mod,play,257.66982691659354,0
151603785,Left 4 Dead 2,purchase,1.0,0
151603769,Dota 2,purchase,1.0,0
151603768,Warframe,purchase,1.0,0
151603776,Grand Theft Auto V,purchase,1.0,0
151603735,Sid Meier's Civilization V,purchase,1.0,0
151603768,Garry's Mod,play,132.1352806222431,0
151603792,Terraria,purchase,1.0,0
151603795,Warframe,purchase,1.0,0
151603807,Borderlands 2,purchase,1.0,0
151603779,Team Fortress 2,play,449.0807849367655,0
151603767,Team Fortress 2,purchase,1.0,0
151603724,Half-Life 2,purchase,1.0,0
151603741,Portal 2,play,161.22344256687467,0
151603732,Dota 2,play,228.19600744817274,0
151603779,Left 4 Dead 2,play,340.2484041487142,0
151603751,Counter-Strike: Global Offensive,purchase,1.0,0
151603760,Counter-Strike: Global Offensive,purchase,1.0,0
151603743,Total War: ROME II - Emperor Edition,play,107.07325012060521,0
151603808,Garry's Mod,purchase,1.0,0
151603757,Borderlands 2,purchase,1.0,0
151603733,Half-Life 2,purchase,1.0,0
151603799,Terraria,purchase,1.0,0
151603729,Total War: ROME II - Emperor Edition,play,479.14979372232057,0
151603749,Total War: ROME II - Emperor Edition,purchase,1.0,0
151603727,Football Manager 2015,play,235.71391948032056,0
151603715,Portal 2,play,243.3290615634036,0
151603809,Team Fortress 2,play,79.13671222184308,0
151603715,Sid Meier's Civilization V,purchase,1.0,0
151603775,Garry's Mod,purchase,1.0,0
151603729,Sid Meier's Civilization V,purchase,1.0,0
151603796,Left 4 Dead 2,play,127.14880397770675,0
151603728,Dota 2,purchase,1.0,0
151603780,Sid Meier's Civilization V,play,490.25578972399444,0
151603777,The Elder Scrolls V: Skyrim,play,353.8774078930749,0
151603808,Counter-Strike: Global Offensive,purchase,1.0,0
151603788,Left 4 Dead 2,purchase,1.0,0
151603763,Terraria,play,62.007977036163254,0
151603772,Garry's Mod,purchase,1.0,0
151603764,Left 4 Dead 2,purchase,1.0,0
151603744,Dota 2,play,329.4366618190847,0
151603798,Half-Life 2,purchase,1.0,0
151603751,Warframe,play,181.77109697780827,0
151603718,The Elder Scrolls V: Skyrim,play,308.4419224400898,0
151603717,Total War: ROME II - Emperor Edition,play,225.06368114011192,0
151603724,Team Fortress 2,purchase,1.0,0
151603750,Borderlands 2,purchase,1.0,0
151603785,Left 4 Dead 2,play,358.2453873588395,0
151603809,Sid Meier's Civilization V,purchase,1.0,0
151603756,Counter-Strike: Global Offensive,purchase,1.0,0
151603790,Borderlands 2,play,471.19552898040945,0
151603720,Dota 2,play,220.42583494787647,0
151603764,The Elder Scrolls V: Skyrim,purchase,1.0,0
151603768,Team Fortress 2,play,337.47038361683235,0
151603806,Grand Theft Auto V,purchase,1.0,0
151603758,Sid Meier's Civilization V,play,316.801596509054,0
151603741,Sid Meier's Civilization V,purchase,1.0,0
151603808,Left 4 Dead 2,play,205.8068737971716,0
151603756,Counter-Strike: Global Offensive,play,147.80658244681302,0
151603714,Terraria,purchase,1.0,0
151603714,Warframe,purchase,1.0,0
151603747,Borderlands 2,play,350.322681991735,0
151603775,Borderlands 2,purchase,1.0,0
151603754,Football Manager 2015,play,415.142865200737,0
151603755,Grand Theft Auto V,purchase,1.0,0
151603778,Counter-Strike: Global Offensive,purchase,1.0,0
151603746,Half-Life 2,play,321.2815966438381,0
151603784,Warframe,purchase,1.0,0
151603794,Sid Meier's Civilization V,purchase,1.0,0
151603730,Sid Meier's Civilization V,purchase,1.0,0
151603789,Warframe,purchase,1.0,0
151603721,Team Fortress 2,play,105.37668358692231,0
151603772,Terraria,purchase,1.0,0
151603800,Borderlands 2,purchase,1.0,0
151603712,Borderlands 2,purchase,1.0,0
151603751,Total War: ROME II - Emperor Edition,purchase,1.0,0
151603719,Dota 2,purchase,1.0,0
151603764,Dota 2,purchase,1.0,0
151603717,Counter-Strike: Global Offensive,purchase,1.0,0
151603801,Half-Life 2,purchase,1.0,0
151603748,Portal 2,play,318.27583002901684,0
151603738,Warframe,play,497.40423043267265,0
151603724,Sid Meier's Civilization V,play,258.2243980785662,0
151603772,Dota 2,play,367.9580411732621,0
151603729,Team Fortress 2,play,72.46826693513398,0
151603792,Grand Theft Auto V,purchase,1.0,0
151603800,Left 4 Dead 2,play,208.96678415684858,0
151603787,Team Fortress 2,purchase,1.0,0
151603802,Warframe,purchase,1.0,0
151603760,Warframe,purchase,1.0,0
151603740,Counter-Strike: Global Offensive,purchase,1.0,0
151603761,Left 4 Dead 2,play,341.6581654769184,0
151603796,Garry's Mod,purchase,1.0,0
151603734,Half-Life 2,play,476.62559117130616,0
151603810,Garry's Mod,play,276.1366990945511,0
151603727,Garry's Mod,play,377.1303743498658,0
151603808,Warframe,purchase,1.0,0
151603768,Warframe,play,91.78839605143891,0
151603781,Sid Meier's Civilization V,play,214.37843954743423,0
151603779,Terraria,play,190.9354171836693,0
151603787,Terraria,play,108.70078754223837,0
151603743,The Elder Scrolls V: Skyrim,play,449.81422282092075,0
151603733,Grand Theft Auto V,purchase,1.0,0
151603771,Grand Theft Auto V,purchase,1.0,0
151603780,Portal 2,play,95.12509626498294,0
151603754,Portal 2,play,199.68123306746241,0
151603800,Football Manager 2015,play,175.26598390448788,0
151603739,Half-Life 2,play,435.63977957886533,0
151603774,Left 4 Dead 2,purchase,1.0,0
151603726,Dota 2,play,337.85607126593857,0
151603810,Counter-Strike: Global Offensive,purchase,1.0,0
151603757,Portal 2,play,143.58285293542673,0
151603716,Borderlands 2,play,320.8102723807534,0
151603800,Warframe,play,240.6476253548005,0
151603744,Sid Meier's Civilization V,play,204.7653469000748,0
151603726,Half-Life 2,purchase,1.0,0
151603755,Sid Meier's Civilization V,play,27.087615990080597,0
151603723,Sid Meier's Civilization V,play,46.47615043971769,0
151603791,Half-Life 2,purchase,1.0,0
151603744,Total War: ROME II - Emperor Edition,play,109.39918307350764,0
151603790,Warframe,play,352.75441461185966,0
151603808,The Elder Scrolls V: Skyrim,play,239.6523028328728,0
151603765,Half-Life 2,purchase,1.0,0
151603754,Portal 2,purchase,1.0,0
151603716,Portal 2,play,396.2321724459079,0
151603799,Counter-Strike: Global Offensive,purchase,1.0,0
151603760,The Elder Scrolls V: Skyrim,play,197.27300004832816,0
151603782,Dota 2,play,385.4383917328961,0
151603790,Grand Theft Auto V,purchase,1.0,0
151603714,Team Fortress 2,play,392.0927853586866,0
151603800,Portal 2,purchase,1.0,0
151603724,Grand Theft Auto V,purchase,1.0,0
151603783,Grand Theft Auto V,play,268.2824643951291,0
151603762,Borderlands 2,play,13.941969234824358,0
151603717,Half-Life 2,play,380.8810432718351,0
151603791,Terraria,purchase,1.0,0
151603766,Counter-Strike: Global Offensive,purchase,1.0,0
151603726,Total War: ROME II - Emperor Edition,purchase,1.0,0
151603734,Terraria,purchase,1.0,0
151603794,Team Fortress 2,purchase,1.0,0
151603759,Total War: ROME II - Emperor Edition,purchase,1.0,0
151603796,Counter-Strike: Global Offensive,play,66.55133091003212,0
151603794,Warframe,purchase,1.0,0
151603744,Counter-Strike: Global Offensive,play,262.892551120831,0
151603791,Dota 2,purchase,1.0,0
151603722,Terraria,purchase,1.0,0
151603775,Total War: ROME II - Emperor Edition,purchase,1.0,0
151603785,Counter-Strike: Global Offensive,play,483.78598515008383,0
151603728,Total War: ROME II - Emperor Edition,purchase,1.0,0
151603744,Borderlands 2,play,331.17630968791224,0
151603712,Counter-Strike: Global Offensive,purchase,1.0,0
151603757,Terraria,purchase,1.0,0
151603777,Warframe,play,379.56444612274595,0
151603748,The Elder Scrolls V: Skyrim,purchase,1.0,0
151603795,Warframe,play,278.12076328741136,0
151603769,The Elder Scrolls V: Skyrim,purchase,1.0,0
151603769,Garry's Mod,play,207.31120378673543,0
151603724,Sid Meier's Civilization V,purchase,1.0,0
151603715,Total War: ROME II - Emperor Edition,purchase,1.0,0
151603777,Portal 2,play,299.87172831785375,0
151603767,Half-Life 2,play,370.6896042878259,0
151603783,Terraria,purchase,1.0,0
151603725,Dota 2,play,132.1913530146799,0
151603800,Warframe,purchase,1.0,0
151603806,Football Manager 2015,play,488.7192032930706,0
151603733,Terraria,play,265.8049888747017,0
151603794,Counter-Strike: Global Offensive,purchase,1.0,0
151603748,Garry's Mod,play,339.4081969738024,0
151603800,Half-Life 2,purchase,1.0,0
151603793,Total War: ROME II - Emperor Edition,play,88.00133794488043,0
151603723,Dota 2,play,317.8758836227949,0
151603777,Grand Theft Auto V,play,425.37009787852566,0
151603799,Warframe,purchase,1.0,0
151603803,Garry's Mod,play,115.8799151843394,0
151603754,Total War: ROME II - Emperor Edition,purchase,1.0,0
151603802,Portal 2,purchase,1.0,0
151603811,Grand Theft Auto V,purchase,1.0,0
151603761,Dota 2,purchase,1.0,0
151603797,Grand Theft Auto V,play,198.36589057856997,0
151603727,Left 4 Dead 2,purchase,1.0,0
151603739,The Elder Scrolls V: Skyrim,purchase,1.0,0
151603764,Terraria,play,426.43648747078805,0
151603776,Garry's Mod,purchase,1.0,0
151603787,Dota 2,purchase,1.0,0
151603749,Portal 2,play,121.36996702871363,0
151603772,Sid Meier's Civilization V,play,91.42453442950344,0
151603764,Terraria,purchase,1.0,0
151603805,Portal 2,purchase,1.0,0
151603780,Terraria,purchase,1.0,0
151603774,Borderlands 2,play,422.01567452961007,0
151603743,Garry's Mod,play,394.9852941221234,0
151603757,Half-Life 2,play,346.5188937883982,0
151603750,Half-Life 2,purchase,1.0,0
151603773,Warframe,purchase,1.0,0
151603720,Portal 2,play,370.2054017645216,0
151603811,Total War: ROME II - Emperor Edition,purchase,1.0,0
151603778,The Elder Scrolls V: Skyrim,play,373.53797809520324,0
151603751,Dota 2,purchase,1.0,0
151603797,Terraria,play,37.047030442344706,0
151603783,Left 4 Dead 2,purchase,1.0,0
151603743,Grand Theft Auto V,play,57.24541246687823,0
151603733,Warframe,purchase,1.0,0
151603790,Half-Life 2,play,203.86784653206084,0
151603727,Half-Life 2,play,434.0639716072675,0
151603719,Portal 2,play,465.5959735229423,0
151603723,Portal 2,play,90.81838001170745,0
151603810,Grand Theft Auto V,purchase,1.0,0
151603787,Counter-Strike: Global Offensive,play,277.85666238335455,0
151603722,Dota 2,purchase,1.0,0
151603767,Borderlands 2,play,1.7432625464442701,0
151603790,Team Fortress 2,purchase,1.0,0
151603717,Sid Meier's Civilization V,purchase,1.0,0
151603775,Dota 2,play,215.44407559012635,0
151603712,Warframe,play,317.07673029203875,0
151603728,Grand Theft Auto V,purchase,1.0,0
151603783,Dota 2,purchase,1.0,0
151603769,Borderlands 2,play,364.8352823497235,0
151603780,Counter-Strike: Global Offensive,purchase,1.0,0
151603746,Terraria,play,478.8505248324528,0
151603731,The Elder Scrolls V: Skyrim,purchase,1.0,0
151603777,Grand Theft Auto V,purchase,1.0,0
151603802,Garry's Mod,purchase,1.0,0
151603801,Garry's Mod,play,100.02195471800624,0
151603754,Dota 2,purchase,1.0,0
151603802,Football Manager 2015,purchase,1.0,0
151603804,Sid Meier's Civilization V,play,191.35177259660819,0
151603737,Team Fortress 2,purchase,1.0,0
151603755,Dota 2,purchase,1.0,0
151603724,Grand Theft Auto V,play,384.0639363249577,0
151603757,Half-Life 2,purchase,1.0,0
151603732,Warframe,play,452.8750122687599,0
151603713,Counter-Strike: Global Offensive,purchase,1.0,0
151603758,Garry's Mod,purchase,1.0,0
151603774,The Elder Scrolls V: Skyrim,purchase,1.0,0
151603713,Dota 2,play,153.87847870055666,0
151603807,Left 4 Dead 2,purchase,1.0,0
151603787,Counter-Strike: Global Offensive,purchase,1.0,0
151603803,The Elder Scrolls V: Skyrim,purchase,1.0,0
151603785,Warframe,play,163.30052575539014,0
151603739,Total War: ROME II - Emperor Edition,play,436.91924003233936,0
151603780,Left 4 Dead 2,purchase,1.0,0
151603799,Borderlands 2,purchase,1.0,0
151603734,Terraria,play,170.53094169163495,0
151603719,The Elder Scrolls V: Skyrim,purchase,1.0,0
151603717,Football Manager 2015,play,174.27971548265003,0
151603738,Team Fortress 2,purchase,1.0,0
151603789,The Elder Scrolls V: Skyrim,play,90.37052288415877,0
151603717,Borderlands 2,play,121.38173059167653,0
151603739,Garry's Mod,purchase,1.0,0
151603788,Counter-Strike: Global Offensive,purchase,1.0,0
151603796,Dota 2,play,370.7739687669139,0
151603799,Terraria,play,319.78867903697807,0
151603743,Portal 2,purchase,1.0,0
151603801,Total War: ROME II - Emperor Edition,play,353.10816480171667,0
151603756,Football Manager 2015,purchase,1.0,0
151603799,The Elder Scrolls V: Skyrim,play,179.86029323607124,0
151603767,Football Manager 2015,play,151.9168888829001,0
151603799,Total War: ROME II - Emperor Edition,purchase,1.0,0
151603760,Team Fortress 2,play,150.99113508874294,0
151603716,Counter-Strike: Global Offensive,purchase,1.0,0
151603766,Grand Theft Auto V,purchase,1.0,0
151603729,Half-Life 2,play,168.9409390642107,0
151603808,Terraria,purchase,1.0,0
151603805,The Elder Scrolls V: Skyrim,purchase,1.0,0
151603780,The Elder Scrolls V: Skyrim,purchase,1.0,0
151603807,Dota 2,purchase,1.0,0
151603811,Portal 2,play,411.94760614740886,0
151603749,Football Manager 2015,purchase,1.0,0
151603744,Borderlands 2,purchase,1.0,0
151603726,Sid Meier's Civilization V,play,216.90718915767354,0
151603799,Warframe,play,77.23470925233042,0
151603749,Half-Life 2,purchase,1.0,0
151603736,The Elder Scrolls V: Skyrim,play,385.28263350626355,0
151603718,Team Fortress 2,play,374.21917801920273,0
151603757,Left 4 Dead 2,purchase,1.0,0
151603754,Counter-Strike: Global Offensive,purchase,1.0,0
151603720,Football Manager 2015,play,477.5160006084774,0
151603740,Terraria,play,183.2575457450335,0
151603773,Team Fortress 2,purchase,1.0,0
151603757,Total War: ROME II - Emperor Edition,play,220.67200879829588,0
151603738,Warframe,purchase,1.0,0
151603742,Left 4 Dead 2,play,183.0924472900343,0
151603753,Portal 2,play,175.2920911623645,0
151603785,Counter-Strike: Global Offensive,purchase,1.0,0
151603749,Team Fortress 2,purchase,1.0,0
151603797,Team Fortress 2,purchase,1.0,0
151603779,Counter-Strike: Global Offensive,play,323.0974106736885,0
151603791,Counter-Strike: Global Offensive,purchase,1.0,0
151603751,Total War: ROME II - Emperor Edition,play,467.7342229710324,0
151603783,Total War: ROME II - Emperor Edition,play,441.39734426067855,0
151603752,Garry's Mod,play,64.72272075823884,0
151603777,Sid Meier's Civilization V,play,3.3013009155350126,0
151603757,Grand Theft Auto V,purchase,1.0,0
151603744,Left 4 Dead 2,purchase,1.0,0
151603751,The Elder Scrolls V: Skyrim,purchase,1.0,0
151603781,Borderlands 2,purchase,1.0,0
151603804,Warframe,purchase,1.0,0
151603782,Team Fortress 2,purchase,1.0,0
151603728,Terraria,purchase,1.0,0
151603805,Total War: ROME II - Emperor Edition,play,37.925042153690136,0
151603762,Dota 2,play,449.15115463846615,0
151603745,Grand Theft Auto V,play,226.41415226605812,0
151603803,Dota 2,play,313.9522633869035,0
151603793,Team Fortress 2,play,19.920097854330535,0
151603805,Borderlands 2,play,255.50130444764224,0
151603745,Half-Life 2,play,301.82067275348317,0
151603794,Portal 2,play,245.5828308711225,0
151603745,Counter-Strike: Global Offensive,purchase,1.0,0
151603762,Counter-Strike: Global Offensive,play,193.81991066227337,0
151603727,Warframe,purchase,1.0,0
151603795,Football Manager 2015,play,272.2984740359635,0
151603766,Team Fortress 2,purchase,1.0,0
151603735,Left 4 Dead 2,play,287.95222843171894,0
151603716,Borderlands 2,purchase,1.0,0
151603733,Garry's Mod,purchase,1.0,0
151603801,Garry's Mod,purchase,1.0,0
151603730,Football Manager 2015,play,194.93717600316702,0
151603791,Football Manager 2015,purchase,1.0,0
151603732,Garry's Mod,purchase,1.0,0
151603785,Football Manager 2015,play,91.01755241923435,0
151603769,Terraria,purchase,1.0,0
151603782,Terraria,play,407.52174550854284,0
151603727,Sid Meier's Civilization V,play,433.6759368383575,0
151603779,Dota 2,play,41.204332353077994,0
151603769,The Elder Scrolls V: Skyrim,play,485.43822280528286,0
151603786,Sid Meier's Civilization V,purchase,1.0,0
151603800,Left 4 Dead 2,purchase,1.0,0
151603811,Borderlands 2,purchase,1.0,0
151603761,Counter-Strike: Global Offensive,play,312.5431711216302,0
151603753,Portal 2,purchase,1.0,0
151603792,Left 4 Dead 2,play,499.87973421973044,0
151603769,Total War: ROME II - Emperor Edition,purchase,1.0,0
151603748,Half-Life 2,play,420.575533154652,0
151603770,Grand Theft Auto V,play,483.9279278352724,0
151603795,Terraria,play,360.49603010191805,0
151603718,Left 4 Dead 2,play,90.14135996033734,0
151603794,Football Manager 2015,play,20.295598409753428,0
151603785,Sid Meier's Civilization V,play,253.121543959953,0
151603799,The Elder Scrolls V: Skyrim,purchase,1.0,0
151603779,Terraria,purchase,1.0,0
151603732,Grand Theft Auto V,purchase,1.0,0
151603750,Team Fortress 2,purchase,1.0,0
151603749,Sid Meier's Civilization V,purchase,1.0,0
151603805,Team Fortress 2,play,384.3469550283115,0
151603804,Portal 2,purchase,1.0,0
151603731,Football Manager 2015,play,155.11977968524226,0
151603718,Total War: ROME II - Emperor Edition,play,266.7891280895608,0
151603738,Sid Meier's Civilization V,purchase,1.0,0
151603737,Half-Life 2,purchase,1.0,0
151603728,Dota 2,play,54.94692741853138,0
151603712,Total War: ROME II - Emperor Edition,play,188.92429448756926,0
151603797,Counter-Strike: Global Offensive,play,482.5838461401883,0
151603744,The Elder Scrolls V: Skyrim,play,255.0593400408626,0
151603801,Football Manager 2015,purchase,1.0,0
151603716,Team Fortress 2,purchase,1.0,0
151603742,Total War: ROME II - Emperor Edition,play,163.90690017518457,0
151603780,Grand Theft Auto V,purchase,1.0,0
151603805,Portal 2,play,487.17620719258724,0
151603770,Football Manager 2015,purchase,1.0,0
151603756,Football Manager 2015,play,230.44607863404335,0
151603785,Dota 2,purchase,1.0,0
151603749,Sid Meier's Civilization V,play,393.9427646388543,0
151603750,Portal 2,purchase,1.0,0
151603774,Half-Life 2,purchase,1.0,0
151603742,Garry's Mod,play,43.90356717545264,0
151603748,Counter-Strike: Global Offensive,play,296.6827605071611,0
151603715,Garry's Mod,purchase,1.0,0
151603785,Garry's Mod,purchase,1.0,0
151603805,Dota 2,play,400.9223286577197,0
151603778,Borderlands 2,purchase,1.0,0
151603754,Grand Theft Auto V,play,391.13587300179347,0
151603796,Portal 2,purchase,1.0,0
151603736,Left 4 Dead 2,purchase,1.0,0
151603801,Counter-Strike: Global Offensive,purchase,1.0,0
151603735,Half-Life 2,play,324.63884576747756,0
151603777,Dota 2,play,100.76284895717087,0
151603792,Total War: ROME II - Emperor Edition,purchase,1.0,0
151603787,Grand Theft Auto V,play,268.24617815844033,0
151603776,Garry's Mod,play,266.2528387337319,0
151603729,Portal 2,play,86.93782558980642,0
151603728,Counter-Strike: Global Offensive,play,158.09372595053168,0
151603748,Half-Life 2,purchase,1.0,0
151603791,Garry's Mod,play,370.08356982910203,0
151603715,Borderlands 2,play,356.00099415792016,0
151603781,Counter-Strike: Global Offensive,play,142.95671756045718,0
151603728,Left 4 Dead 2,purchase,1.0,0
151603742,Warframe,play,277.0929053079379,0
151603760,Football Manager 2015,play,231.6727379465004,0
151603749,Dota 2,purchase,1.0,0
151603809,Garry's Mod,play,394.6370837010398,0
151603781,Counter-Strike: Global Offensive,purchase,1.0,0
151603790,Portal 2,play,183.5568662340905,0
151603742,Total War: ROME II - Emperor Edition,purchase,1.0,0
151603768,Grand Theft Auto V,play,151.0817438453866,0
151603725,Dota 2,purchase,1.0,0
151603763,Grand Theft Auto V,purchase,1.0,0
151603741,Counter-Strike: Global Offensive,play,482.6368838896858,0
151603800,Grand Theft Auto V,play,5.186996916044722,0
151603712,Terraria,play,69.31133884067962,0
151603803,Borderlands 2,purchase,1.0,0
151603793,Portal 2,play,207.74192054858716,0
151603753,Dota 2,purchase,1.0,0
151603749,Half-Life 2,play,466.9890024595426,0
151603809,Left 4 Dead 2,play,391.2552721268101,0
151603751,Terraria,play,423.4252545424515,0
151603731,Portal 2,play,122.65349272390364,0
151603744,Sid Meier's Civilization V,purchase,1.0,0
151603811,Dota 2,play,37.62209149460797,0
151603790,Left 4 Dead 2,play,470.2534471537144,0
151603757,Dota 2,play,198.01132453475824,0
151603723,Dota 2,purchase,1.0,0
151603725,Grand Theft Auto V,purchase,1.0,0
151603800,Team Fortress 2,play,248.03318255782608,0
151603720,The Elder Scrolls V: Skyrim,purchase,1.0,0
151603770,Football Manager 2015,play,59.110393415222546,0
151603733,Half-Life 2,play,70.52737512148603,0
151603737,Grand Theft Auto V,purchase,1.0,0
151603739,Borderlands 2,play,414.89589924617735,0
151603769,Sid Meier's Civilization V,purchase,1.0,0
151603797,Total War: ROME II - Emperor Edition,play,122.50371334032756,0
151603751,Team Fortress 2,play,259.3705075594328,0
151603713,Portal 2,play,128.3761365903162,0
151603761,Borderlands 2,purchase,1.0,0
151603799,Football Manager 2015,play,495.46259045076954,0
151603799,Football Manager 2015,purchase,1.0,0
151603797,The Elder Scrolls V: Skyrim,purchase,1.0,0
151603808,Borderlands 2,play,137.11623708265904,0
151603763,Borderlands 2,purchase,1.0,0
151603763,Total War: ROME II - Emperor Edition,play,361.1811163593119,0
151603756,Sid Meier's Civilization V,purchase,1.0,0
151603727,Portal 2,purchase,1.0,0
151603782,Counter-Strike: Global Offensive,play,909.1800198400737,0
151603739,Counter-Strike: Global Offensive,play,328.10888158220405,0
151603800,Sid Meier's Civilization V,purchase,1.0,0
151603740,Left 4 Dead 2,purchase,1.0,0
151603786,Left 4 Dead 2,play,341.90834770338466,0
151603809,Football Manager 2015,play,187.9012205115403,0
151603712,Half-Life 2,purchase,1.0,0
151603789,Grand Theft Auto V,purchase,1.0,0
151603774,Sid Meier's Civilization V,purchase,1.0,0
151603728,Left 4 Dead 2,play,280.36344949465206,0
151603770,Dota 2,play,28.848985202541016,0
151603792,Dota 2,purchase,1.0,0
151603765,Total War: ROME II - Emperor Edition,purchase,1.0,0
151603802,Sid Meier's Civilization V,purchase,1.0,0
151603790,Terraria,play,247.32695467465473,0
151603768,Football Manager 2015,purchase,1.0,0
151603783,Garry's Mod,play,285.3935567992211,0
151603783,The Elder Scrolls V: Skyrim,purchase,1.0,0
151603727,Left 4 Dead 2,play,22.66187230271534,0
151603756,Team Fortress 2,play,129.97259618987033,0
151603731,Sid Meier's Civilization V,purchase,1.0,0
151603760,Borderlands 2,purchase,1.0,0
151603809,Portal 2,purchase,1.0,0
151603805,Borderlands 2,purchase,1.0,0
151603733,Football Manager 2015,play,71.56458905243015,0
151603723,Sid Meier's Civilization V,purchase,1.0,0
151603774,Counter-Strike: Global Offensive,purchase,1.0,0
151603796,Grand Theft Auto V,purchase,1.0,0
151603794,Terraria,purchase,1.0,0
151603806,Half-Life 2,purchase,1.0,0
151603795,Portal 2,purchase,1.0,0
151603757,Football Manager 2015,play,342.17985277370076,0
151603798,Team Fortress 2,purchase,1.0,0
151603764,Sid Meier's Civilization V,purchase,1.0,0
151603745,Dota 2,purchase,1.0,0
151603768,The Elder Scrolls V: Skyrim,play,209.88139847989157,0
151603769,Sid Meier's Civilization V,play,479.3440481224207,0
151603732,Counter-Strike: Global Offensive,purchase,1.0,0
151603808,Left 4 Dead 2,purchase,1.0,0
151603757,Team Fortress 2,purchase,1.0,0
151603804,Left 4 Dead 2,purchase,1.0,0
151603730,Garry's Mod,purchase,1.0,0
151603749,Terraria,play,148.67541468976026,0
151603765,Terraria,purchase,1.0,0
151603805,Dota 2,purchase,1.0,0
151603714,Borderlands 2,purchase,1.0,0
151603717,Portal 2,play,95.47994924442864,0
151603759,The Elder Scrolls V: Skyrim,play,197.77384195579472,0
151603762,Total War: ROME II - Emperor Edition,purchase,1.0,0
151603743,Half-Life 2,purchase,1.0,0
151603715,The Elder Scrolls V: Skyrim,play,395.87941800383544,0
151603737,Warframe,purchase,1.0,0
151603787,Sid Meier's Civilization V,purchase,1.0,0
151603797,Dota 2,play,430.54025234167955,0
151603803,Left 4 Dead 2,play,185.3283695774628,0
151603799,Borderlands 2,play,358.3258137457626,0
151603809,Left 4 Dead 2,purchase,1.0,0
151603747,Total War: ROME II - Emperor Edition,play,85.19792422528764,0
151603787,Portal 2,play,187.42427695025196,0
151603768,Football Manager 2015,play,344.6370064095342,0
151603796,Sid Meier's Civilization V,purchase,1.0,0
151603727,Terraria,purchase,1.0,0
151603745,Sid Meier's Civilization V,purchase,1.0,0
151603718,Garry's Mod,play,56.865548880478165,0
151603782,Team Fortress 2,play,310.1368056753663,0
151603787,Football Manager 2015,purchase,1.0,0
151603771,Warframe,play,290.7154127862031,0
151603741,Portal 2,purchase,1.0,0
151603781,Left 4 Dead 2,play,130.25456960720476,0
151603724,Football Manager 2015,play,52.69873896269044,0
151603803,Borderlands 2,play,106.77670322168329,0
151603788,Portal 2,purchase,1.0,0
151603803,Total War: ROME II - Emperor Edition,play,25.638821646419043,0
151603794,The Elder Scrolls V: Skyrim,play,354.1550289639268,0
151603799,Sid Meier's Civilization V,play,36.202427255567756,0
151603726,Terraria,play,373.955563861762,0
151603760,Dota 2,purchase,1.0,0
151603766,Sid Meier's Civilization V,play,224.11909329211846,0
